order,Date,Price,Open,High,Low,Vol.,Change %
793,"Jan 02, 2017","1,151.05","1,151.00","1,153.25","1,150.00",-,-5.04%
792,"Jan 03, 2017","1,222.40","1,209.00","1,209.00","1,209.00",0.00K,6.20%
791,"Jan 04, 2017","1,224.80","1,224.80","1,224.80","1,224.80",0.25K,0.20%
790,"Jan 05, 2017","1,239.80","1,239.80","1,239.80","1,239.80",0.26K,1.22%
789,"Jan 06, 2017","1,233.40","1,234.00","1,234.00","1,234.00",0.21K,-0.52%
788,"Jan 09, 2017","1,245.30","1,245.30","1,245.30","1,245.30",0.06K,0.96%
787,"Jan 10, 2017","1,246.20","1,241.60","1,241.60","1,241.60",0.01K,0.07%
786,"Jan 11, 2017","1,257.70","1,257.70","1,257.70","1,257.70",0.02K,0.92%
785,"Jan 12, 2017","1,261.00","1,261.00","1,261.00","1,261.00",0.11K,0.26%
784,"Jan 13, 2017","1,259.00","1,259.00","1,259.00","1,259.00",1.51K,-0.16%
783,"Jan 15, 2017","1,203.35","1,197.30","1,205.05","1,197.30",-,-4.42%
782,"Jan 16, 2017","1,202.85","1,203.25","1,208.45","1,200.00",-,-0.04%
781,"Jan 17, 2017","1,275.10","1,275.10","1,275.10","1,275.10",0.00K,6.01%
780,"Jan 18, 2017","1,273.40","1,274.40","1,274.40","1,274.30",0.01K,-0.13%
779,"Jan 19, 2017","1,263.20","1,262.80","1,262.80","1,262.40",0.00K,-0.80%
778,"Jan 20, 2017","1,266.90","1,266.90","1,266.90","1,266.90",0.04K,0.29%
777,"Jan 23, 2017","1,276.60","1,276.60","1,276.60","1,276.60",0.02K,0.77%
776,"Jan 24, 2017","1,271.80","1,271.80","1,271.80","1,271.80",0.02K,-0.38%
775,"Jan 25, 2017","1,258.80","1,258.80","1,258.80","1,258.80",0.40K,-1.02%
774,"Jan 26, 2017","1,250.60","1,250.60","1,250.60","1,250.60",0.02K,-0.65%
773,"Jan 27, 2017","1,249.40","1,246.00","1,246.00","1,246.00",0.00K,-0.10%
772,"Jan 30, 2017","1,254.10","1,259.00","1,259.00","1,259.00",0.00K,0.38%
771,"Jan 31, 2017","1,269.50","1,270.00","1,274.00","1,270.00",0.00K,1.23%
770,"Feb 01, 2017","1,267.20","1,267.00","1,267.00","1,267.00",0.00K,-0.18%
769,"Feb 02, 2017","1,278.30","1,278.30","1,278.30","1,278.30",0.00K,0.88%
768,"Feb 03, 2017","1,279.90","1,279.90","1,279.90","1,279.90",0.87K,0.13%
767,"Feb 06, 2017","1,291.00","1,294.00","1,294.00","1,289.00",0.00K,0.87%
766,"Feb 07, 2017","1,294.10","1,294.10","1,294.10","1,294.10",0.01K,0.24%
765,"Feb 08, 2017","1,296.00","1,298.50","1,298.50","1,298.50",0.00K,0.15%
764,"Feb 09, 2017","1,293.10","1,293.10","1,293.10","1,293.10",0.01K,-0.22%
763,"Feb 10, 2017","1,292.20","1,292.20","1,292.20","1,292.20",0.39K,-0.07%
762,"Feb 13, 2017","1,282.60","1,282.60","1,282.60","1,282.60",0.40K,-0.74%
761,"Feb 14, 2017","1,282.60","1,282.60","1,282.60","1,282.60",0.03K,0.00%
760,"Feb 15, 2017","1,291.90","1,291.90","1,291.90","1,291.90",0.04K,0.73%
759,"Feb 16, 2017","1,300.40","1,300.40","1,300.40","1,300.40",0.09K,0.66%
758,"Feb 17, 2017","1,297.10","1,297.10","1,297.10","1,297.10",0.00K,-0.25%
757,"Feb 19, 2017","1,237.30","1,236.00","1,239.25","1,236.00",-,-4.61%
756,"Feb 20, 2017","1,238.20","1,237.25","1,240.15","1,233.50",-,0.07%
755,"Feb 21, 2017","1,296.90","1,296.90","1,296.90","1,296.90",0.12K,4.74%
754,"Feb 22, 2017","1,291.00","1,291.00","1,291.00","1,291.00",0.04K,-0.45%
753,"Feb 23, 2017","1,309.40","1,309.40","1,309.40","1,309.40",0.07K,1.43%
752,"Feb 24, 2017","1,316.10","1,314.50","1,314.50","1,314.50",0.01K,0.51%
751,"Feb 27, 2017","1,316.80","1,316.80","1,316.80","1,316.80",0.00K,0.05%
750,"Feb 28, 2017","1,312.00","1,312.00","1,312.00","1,312.00",0.72K,-0.36%
749,"Mar 01, 2017","1,308.80","1,308.80","1,308.80","1,308.80",0.03K,-0.24%
748,"Mar 02, 2017","1,291.60","1,291.60","1,291.60","1,291.60",0.08K,-1.31%
747,"Mar 03, 2017","1,286.50","1,286.50","1,286.50","1,286.50",0.12K,-0.39%
746,"Mar 06, 2017","1,285.00","1,285.00","1,285.00","1,285.00",0.03K,-0.12%
745,"Mar 07, 2017","1,275.40","1,285.40","1,285.40","1,276.20",0.16K,-0.75%
744,"Mar 08, 2017","1,269.60","1,269.50","1,269.50","1,269.50",0.00K,-0.45%
743,"Mar 09, 2017","1,263.40","1,263.40","1,263.40","1,263.40",0.04K,-0.49%
742,"Mar 10, 2017","1,261.70","1,261.70","1,261.70","1,261.70",0.00K,-0.13%
741,"Mar 13, 2017","1,264.30","1,266.80","1,266.80","1,266.80",0.03K,0.21%
740,"Mar 14, 2017","1,264.00","1,264.00","1,264.00","1,264.00",0.02K,-0.02%
739,"Mar 15, 2017","1,262.00","1,262.00","1,262.00","1,262.00",0.00K,-0.16%
738,"Mar 16, 2017","1,288.40","1,288.40","1,288.40","1,288.40",0.05K,2.09%
737,"Mar 17, 2017","1,291.30","1,291.30","1,291.30","1,291.30",0.03K,0.23%
736,"Mar 20, 2017","1,294.90","1,295.70","1,295.70","1,295.70",0.00K,0.28%
735,"Mar 21, 2017","1,306.70","1,300.00","1,300.00","1,300.00",0.00K,0.91%
734,"Mar 22, 2017","1,309.20","1,309.20","1,309.20","1,309.20",0.00K,0.19%
733,"Mar 23, 2017","1,306.20","1,306.20","1,306.20","1,306.20",0.09K,-0.23%
732,"Mar 24, 2017","1,308.10","1,308.10","1,308.10","1,308.10",0.02K,0.15%
731,"Mar 27, 2017","1,315.10","1,315.00","1,315.00","1,315.00",0.00K,0.54%
730,"Mar 28, 2017","1,315.20","1,315.20","1,315.20","1,315.20",0.03K,0.01%
729,"Mar 29, 2017","1,313.20","1,313.90","1,313.90","1,313.90",0.00K,-0.15%
728,"Mar 30, 2017","1,304.40","1,314.00","1,314.50","1,314.00",0.00K,-0.67%
727,"Mar 31, 2017","1,307.50","1,307.50","1,307.50","1,307.50",8.22K,0.24%
726,"Apr 03, 2017","1,310.40","1,310.40","1,310.40","1,310.40",1.16K,0.22%
725,"Apr 04, 2017","1,314.50","1,314.50","1,314.50","1,314.50",0.72K,0.31%
724,"Apr 05, 2017","1,304.60","1,304.60","1,304.60","1,304.60",0.91K,-0.75%
723,"Apr 06, 2017","1,309.50","1,309.50","1,309.50","1,309.50",0.00K,0.38%
722,"Apr 07, 2017","1,313.90","1,313.90","1,313.90","1,313.90",0.02K,0.34%
721,"Apr 10, 2017","1,310.40","1,313.20","1,313.20","1,313.20",0.01K,-0.27%
720,"Apr 11, 2017","1,330.50","1,332.00","1,332.00","1,332.00",0.00K,1.53%
719,"Apr 12, 2017","1,334.40","1,334.40","1,334.40","1,334.40",0.49K,0.29%
718,"Apr 13, 2017","1,343.80","1,343.80","1,343.80","1,343.80",0.92K,0.70%
717,"Apr 14, 2017","1,289.65","1,289.65","1,289.65","1,289.65",-,-4.03%
716,"Apr 17, 2017","1,346.90","1,346.90","1,346.90","1,346.90",0.07K,4.44%
715,"Apr 18, 2017","1,348.00","1,348.00","1,348.00","1,348.00",0.00K,0.08%
714,"Apr 19, 2017","1,337.60","1,338.50","1,338.50","1,338.50",0.00K,-0.77%
713,"Apr 20, 2017","1,338.80","1,338.80","1,338.80","1,338.80",0.05K,0.09%
712,"Apr 21, 2017","1,344.10","1,344.10","1,344.10","1,344.10",0.47K,0.40%
711,"Apr 24, 2017","1,332.90","1,335.00","1,335.00","1,335.00",0.01K,-0.83%
710,"Apr 25, 2017","1,323.10","1,323.10","1,323.10","1,323.10",0.36K,-0.74%
709,"Apr 26, 2017","1,320.10","1,320.10","1,320.10","1,320.10",0.10K,-0.23%
708,"Apr 27, 2017","1,321.80","1,321.80","1,321.80","1,321.80",0.21K,0.13%
707,"Apr 28, 2017","1,324.20","1,324.20","1,324.20","1,324.20",0.09K,0.18%
706,"May 01, 2017","1,311.70","1,311.70","1,311.70","1,311.70",0.03K,-0.94%
705,"May 02, 2017","1,313.20","1,311.80","1,315.10","1,311.80",0.01K,0.11%
704,"May 03, 2017","1,304.70","1,305.80","1,305.80","1,305.80",0.00K,-0.65%
703,"May 04, 2017","1,284.50","1,284.50","1,284.50","1,284.50",0.07K,-1.55%
702,"May 05, 2017","1,282.90","1,282.90","1,282.90","1,282.90",0.02K,-0.12%
701,"May 08, 2017","1,283.20","1,283.20","1,283.20","1,283.20",0.04K,0.02%
700,"May 09, 2017","1,272.20","1,279.80","1,279.80","1,271.60",0.00K,-0.86%
699,"May 10, 2017","1,274.70","1,274.70","1,274.70","1,274.70",0.01K,0.20%
698,"May 11, 2017","1,280.00","1,280.00","1,280.00","1,280.00",0.17K,0.42%
697,"May 12, 2017","1,282.80","1,282.80","1,282.80","1,282.80",0.02K,0.22%
696,"May 15, 2017","1,285.10","1,285.10","1,285.10","1,285.10",0.01K,0.18%
695,"May 16, 2017","1,291.50","1,288.00","1,289.00","1,288.00",0.01K,0.50%
694,"May 17, 2017","1,313.30","1,299.70","1,312.20","1,299.70",0.01K,1.69%
693,"May 18, 2017","1,306.30","1,306.30","1,306.30","1,306.30",0.01K,-0.53%
692,"May 19, 2017","1,307.00","1,307.00","1,307.00","1,307.00",0.01K,0.05%
691,"May 22, 2017","1,315.10","1,315.10","1,315.10","1,315.10",0.01K,0.62%
690,"May 23, 2017","1,309.20","1,309.20","1,309.20","1,309.20",0.02K,-0.45%
689,"May 24, 2017","1,306.80","1,306.80","1,306.80","1,306.80",0.01K,-0.18%
688,"May 25, 2017","1,310.40","1,310.10","1,310.10","1,310.10",0.00K,0.28%
687,"May 26, 2017","1,321.90","1,322.10","1,322.10","1,322.10",0.00K,0.88%
686,"May 28, 2017","1,268.22","1,266.31","1,269.02","1,266.31",-,-4.06%
685,"May 29, 2017","1,266.69","1,268.02","1,268.60","1,264.96",-,-0.12%
684,"May 30, 2017","1,316.20","1,316.20","1,316.20","1,316.20",129.82K,3.91%
683,"May 31, 2017","1,325.60","1,325.60","1,325.60","1,325.60",2.71K,0.71%
682,"Jun 01, 2017","1,320.30","1,320.30","1,320.30","1,320.30",0.00K,-0.40%
681,"Jun 02, 2017","1,330.20","1,321.90","1,321.90","1,321.90",0.00K,0.75%
680,"Jun 05, 2017","1,332.70","1,332.70","1,332.70","1,332.70",0.00K,0.19%
679,"Jun 06, 2017","1,347.10","1,347.10","1,347.10","1,347.10",0.94K,1.08%
678,"Jun 07, 2017","1,342.70","1,342.70","1,342.70","1,342.70",0.64K,-0.33%
677,"Jun 08, 2017","1,329.00","1,329.00","1,329.00","1,329.00",0.32K,-1.02%
676,"Jun 09, 2017","1,321.00","1,321.00","1,321.00","1,321.00",0.47K,-0.60%
675,"Jun 12, 2017","1,318.60","1,318.60","1,318.60","1,318.60",0.26K,-0.18%
674,"Jun 13, 2017","1,318.30","1,318.30","1,318.30","1,318.30",0.15K,-0.02%
673,"Jun 14, 2017","1,325.30","1,322.50","1,322.50","1,322.50",0.01K,0.53%
672,"Jun 15, 2017","1,303.90","1,303.90","1,303.90","1,303.90",0.74K,-1.61%
671,"Jun 16, 2017","1,305.80","1,305.80","1,305.80","1,305.80",0.03K,0.15%
670,"Jun 19, 2017","1,296.10","1,295.00","1,297.90","1,295.00",0.01K,-0.74%
669,"Jun 20, 2017","1,292.50","1,297.60","1,297.60","1,297.60",0.00K,-0.28%
668,"Jun 21, 2017","1,294.60","1,294.60","1,294.60","1,294.60",0.00K,0.16%
667,"Jun 22, 2017","1,298.10","1,298.10","1,298.10","1,298.10",0.16K,0.27%
666,"Jun 23, 2017","1,305.40","1,305.40","1,305.40","1,305.40",0.27K,0.56%
665,"Jun 26, 2017","1,295.40","1,295.40","1,295.40","1,295.40",0.19K,-0.77%
664,"Jun 27, 2017","1,296.10","1,296.10","1,296.10","1,296.10",0.11K,0.05%
663,"Jun 28, 2017","1,298.50","1,298.50","1,298.50","1,298.50",0.01K,0.19%
662,"Jun 29, 2017","1,295.40","1,295.40","1,295.40","1,295.40",0.54K,-0.24%
661,"Jun 30, 2017","1,291.70","1,291.70","1,291.70","1,291.70",0.04K,-0.29%
660,"Jul 03, 2017","1,268.60","1,287.20","1,287.60","1,271.00",0.02K,-1.79%
659,"Jul 04, 2017","1,227.55","1,224.30","1,228.03","1,221.49",-,-3.24%
658,"Jul 05, 2017","1,271.60","1,276.50","1,276.50","1,271.20",0.02K,3.59%
657,"Jul 06, 2017","1,274.40","1,274.40","1,274.40","1,274.40",0.01K,0.22%
656,"Jul 07, 2017","1,260.10","1,270.30","1,270.30","1,268.90",0.00K,-1.12%
655,"Jul 10, 2017","1,263.70","1,263.70","1,263.70","1,263.70",0.03K,0.29%
654,"Jul 11, 2017","1,265.40","1,265.40","1,265.40","1,265.40",0.01K,0.13%
653,"Jul 12, 2017","1,268.90","1,268.90","1,268.90","1,268.90",0.01K,0.28%
652,"Jul 13, 2017","1,266.20","1,268.40","1,268.40","1,268.40",0.00K,-0.21%
651,"Jul 14, 2017","1,276.50","1,264.00","1,280.40","1,264.00",0.01K,0.81%
650,"Jul 17, 2017","1,283.10","1,283.10","1,283.10","1,283.10",0.01K,0.52%
649,"Jul 18, 2017","1,291.20","1,291.20","1,291.20","1,291.20",0.03K,0.63%
648,"Jul 19, 2017","1,291.40","1,291.40","1,291.40","1,291.40",0.00K,0.02%
647,"Jul 20, 2017","1,294.80","1,294.80","1,294.80","1,294.80",0.01K,0.26%
646,"Jul 21, 2017","1,303.60","1,303.80","1,303.80","1,303.80",0.00K,0.68%
645,"Jul 24, 2017","1,303.10","1,301.50","1,301.50","1,301.00",0.00K,-0.04%
644,"Jul 25, 2017","1,300.90","1,300.90","1,300.90","1,300.90",0.02K,-0.17%
643,"Jul 26, 2017","1,298.90","1,298.90","1,298.90","1,298.90",0.00K,-0.15%
642,"Jul 27, 2017","1,310.20","1,313.70","1,313.70","1,313.70",0.05K,0.87%
641,"Jul 28, 2017","1,319.10","1,319.10","1,319.10","1,319.10",64.18K,0.68%
640,"Jul 31, 2017","1,317.20","1,317.20","1,317.20","1,317.20",7.78K,-0.14%
639,"Aug 01, 2017","1,323.00","1,318.60","1,322.00","1,318.60",0.00K,0.44%
638,"Aug 02, 2017","1,322.20","1,318.60","1,318.60","1,318.60",0.00K,-0.06%
637,"Aug 03, 2017","1,318.30","1,318.30","1,318.30","1,318.30",0.88K,-0.29%
636,"Aug 04, 2017","1,308.40","1,308.40","1,308.40","1,308.40",0.52K,-0.75%
635,"Aug 07, 2017","1,308.70","1,306.00","1,306.00","1,306.00",0.00K,0.02%
634,"Aug 08, 2017","1,307.10","1,317.40","1,317.40","1,305.20",0.00K,-0.12%
633,"Aug 09, 2017","1,323.70","1,323.70","1,323.70","1,323.70",0.57K,1.27%
632,"Aug 10, 2017","1,334.50","1,335.00","1,335.00","1,332.40",0.02K,0.82%
631,"Aug 11, 2017","1,338.10","1,338.10","1,338.10","1,338.10",0.14K,0.27%
630,"Aug 14, 2017","1,334.80","1,334.80","1,334.80","1,334.80",0.34K,-0.25%
629,"Aug 15, 2017","1,324.20","1,323.40","1,323.40","1,321.50",0.01K,-0.79%
628,"Aug 16, 2017","1,327.50","1,318.50","1,318.50","1,318.50",0.00K,0.25%
627,"Aug 17, 2017","1,336.80","1,336.20","1,336.20","1,336.20",0.00K,0.70%
626,"Aug 18, 2017","1,335.70","1,335.70","1,335.70","1,335.70",0.00K,-0.08%
625,"Aug 21, 2017","1,341.00","1,341.00","1,341.00","1,341.00",0.02K,0.40%
624,"Aug 22, 2017","1,335.50","1,335.50","1,335.50","1,335.50",0.10K,-0.41%
623,"Aug 23, 2017","1,338.80","1,338.80","1,338.80","1,338.80",0.25K,0.25%
622,"Aug 24, 2017","1,336.00","1,336.00","1,336.00","1,336.00",0.55K,-0.21%
621,"Aug 25, 2017","1,341.90","1,341.90","1,341.90","1,341.90",0.28K,0.44%
620,"Aug 28, 2017","1,359.70","1,359.70","1,359.70","1,359.70",0.15K,1.33%
619,"Aug 29, 2017","1,362.80","1,368.70","1,368.70","1,368.30",0.00K,0.23%
618,"Aug 30, 2017","1,358.00","1,358.00","1,358.00","1,358.00",0.37K,-0.35%
617,"Aug 31, 2017","1,365.60","1,371.00","1,371.00","1,371.00",0.00K,0.56%
616,"Sep 01, 2017","1,374.20","1,374.20","1,374.20","1,374.20",0.01K,0.63%
615,"Sep 03, 2017","1,341.22","1,340.54","1,342.07","1,338.96",-,-2.40%
614,"Sep 04, 2017","1,338.08","1,341.21","1,344.59","1,337.01",-,-0.23%
613,"Sep 05, 2017","1,388.30","1,387.50","1,387.50","1,387.50",0.00K,3.75%
612,"Sep 06, 2017","1,383.00","1,383.00","1,383.00","1,383.00",0.02K,-0.38%
611,"Sep 07, 2017","1,395.10","1,397.80","1,397.80","1,397.80",0.00K,0.87%
610,"Sep 08, 2017","1,396.40","1,396.40","1,396.40","1,396.40",0.00K,0.09%
609,"Sep 11, 2017","1,381.20","1,381.20","1,381.20","1,381.20",0.01K,-1.09%
608,"Sep 12, 2017","1,378.90","1,378.90","1,378.90","1,378.90",0.50K,-0.17%
607,"Sep 13, 2017","1,373.80","1,373.80","1,373.80","1,373.80",0.08K,-0.37%
606,"Sep 14, 2017","1,376.30","1,376.30","1,376.30","1,376.30",0.24K,0.18%
605,"Sep 15, 2017","1,372.20","1,372.20","1,372.20","1,372.20",0.15K,-0.30%
604,"Sep 18, 2017","1,357.40","1,357.40","1,357.40","1,357.40",0.00K,-1.08%
603,"Sep 19, 2017","1,358.30","1,358.30","1,358.30","1,358.30",0.04K,0.07%
602,"Sep 20, 2017","1,364.00","1,364.00","1,364.00","1,364.00",0.01K,0.42%
601,"Sep 21, 2017","1,342.40","1,342.00","1,342.00","1,342.00",0.00K,-1.58%
600,"Sep 22, 2017","1,345.10","1,345.10","1,345.10","1,345.10",0.00K,0.20%
599,"Sep 25, 2017","1,359.20","1,359.20","1,359.20","1,359.20",0.01K,1.05%
598,"Sep 26, 2017","1,349.70","1,349.70","1,349.70","1,349.70",0.04K,-0.70%
597,"Sep 27, 2017","1,336.30","1,336.50","1,340.10","1,333.70",0.01K,-0.99%
596,"Sep 28, 2017","1,336.90","1,336.90","1,336.90","1,336.90",0.00K,0.04%
595,"Sep 29, 2017","1,333.20","1,333.20","1,333.20","1,333.20",0.01K,-0.28%
594,"Oct 02, 2017","1,324.70","1,324.70","1,324.70","1,324.70",0.14K,-0.64%
593,"Oct 03, 2017","1,323.40","1,323.40","1,323.40","1,323.40",0.07K,-0.10%
592,"Oct 04, 2017","1,325.60","1,325.60","1,325.60","1,325.60",0.22K,0.17%
591,"Oct 05, 2017","1,322.60","1,322.60","1,322.60","1,322.60",0.03K,-0.23%
590,"Oct 06, 2017","1,324.30","1,324.30","1,324.30","1,324.30",0.05K,0.13%
589,"Oct 09, 2017","1,334.70","1,334.70","1,334.70","1,334.70",0.02K,0.79%
588,"Oct 10, 2017","1,343.70","1,342.40","1,342.40","1,342.20",0.00K,0.67%
587,"Oct 11, 2017","1,338.80","1,338.80","1,338.80","1,338.80",0.02K,-0.36%
586,"Oct 12, 2017","1,346.60","1,346.40","1,346.40","1,346.20",0.00K,0.58%
585,"Oct 13, 2017","1,354.70","1,354.70","1,354.70","1,354.70",0.18K,0.60%
584,"Oct 16, 2017","1,353.90","1,353.90","1,353.90","1,353.90",0.07K,-0.06%
583,"Oct 17, 2017","1,336.70","1,336.70","1,336.70","1,336.70",0.00K,-1.27%
582,"Oct 18, 2017","1,333.50","1,333.50","1,333.50","1,333.50",0.16K,-0.24%
581,"Oct 19, 2017","1,340.10","1,340.10","1,340.10","1,340.10",0.00K,0.49%
580,"Oct 20, 2017","1,330.40","1,330.40","1,330.40","1,330.40",0.30K,-0.72%
579,"Oct 23, 2017","1,331.10","1,327.80","1,332.30","1,327.80",0.03K,0.05%
578,"Oct 24, 2017","1,328.40","1,328.40","1,328.40","1,328.40",0.11K,-0.20%
577,"Oct 25, 2017","1,329.70","1,329.70","1,329.70","1,329.70",0.11K,0.10%
576,"Oct 26, 2017","1,320.30","1,319.50","1,319.80","1,317.30",0.01K,-0.71%
575,"Oct 27, 2017","1,322.00","1,318.90","1,320.10","1,318.90",0.00K,0.13%
574,"Oct 30, 2017","1,327.80","1,327.80","1,327.80","1,327.80",0.22K,0.44%
573,"Oct 31, 2017","1,320.60","1,320.60","1,320.60","1,320.60",0.24K,-0.54%
572,"Nov 01, 2017","1,327.50","1,327.50","1,327.50","1,327.50",0.05K,0.52%
571,"Nov 02, 2017","1,328.30","1,328.30","1,328.30","1,328.30",0.07K,0.06%
570,"Nov 03, 2017","1,319.80","1,319.80","1,319.80","1,319.80",0.02K,-0.64%
569,"Nov 06, 2017","1,332.40","1,332.40","1,332.40","1,332.40",0.00K,0.95%
568,"Nov 07, 2017","1,326.50","1,326.50","1,326.50","1,326.50",0.00K,-0.44%
567,"Nov 08, 2017","1,334.90","1,334.90","1,334.90","1,334.90",0.02K,0.63%
566,"Nov 09, 2017","1,339.40","1,339.40","1,339.40","1,339.40",0.03K,0.34%
565,"Nov 10, 2017","1,327.10","1,329.60","1,329.60","1,329.60",0.05K,-0.92%
564,"Nov 13, 2017","1,332.50","1,332.50","1,332.50","1,332.50",0.00K,0.41%
563,"Nov 14, 2017","1,336.30","1,335.70","1,335.70","1,335.70",0.02K,0.29%
562,"Nov 15, 2017","1,330.80","1,330.80","1,330.80","1,330.80",0.01K,-0.41%
561,"Nov 16, 2017","1,331.50","1,331.50","1,331.50","1,331.50",0.04K,0.05%
560,"Nov 17, 2017","1,350.10","1,350.10","1,350.10","1,350.10",0.00K,1.40%
559,"Nov 20, 2017","1,329.40","1,343.90","1,345.30","1,334.40",0.01K,-1.53%
558,"Nov 21, 2017","1,336.50","1,336.50","1,336.50","1,336.50",0.02K,0.53%
557,"Nov 22, 2017","1,347.10","1,336.50","1,348.60","1,336.50",0.24K,0.79%
556,"Nov 23, 2017","1,291.66","1,291.19","1,293.87","1,287.65",-,-4.12%
555,"Nov 24, 2017","1,342.30","1,342.30","1,342.30","1,342.30",0.01K,3.92%
554,"Nov 27, 2017","1,349.40","1,348.00","1,348.00","1,348.00",0.00K,0.53%
553,"Nov 28, 2017","1,349.70","1,349.70","1,349.70","1,349.70",4.06K,0.02%
552,"Nov 29, 2017","1,337.10","1,342.00","1,342.00","1,342.00",0.00K,-0.93%
551,"Nov 30, 2017","1,328.00","1,328.00","1,328.00","1,328.00",0.09K,-0.68%
550,"Dec 01, 2017","1,333.50","1,333.50","1,333.50","1,333.50",0.00K,0.41%
549,"Dec 04, 2017","1,328.70","1,328.70","1,328.70","1,328.70",0.85K,-0.36%
548,"Dec 05, 2017","1,315.80","1,320.90","1,320.90","1,316.10",0.00K,-0.97%
547,"Dec 06, 2017","1,316.90","1,316.20","1,316.20","1,316.20",0.01K,0.08%
546,"Dec 07, 2017","1,303.70","1,317.10","1,317.10","1,304.50",0.09K,-1.00%
545,"Dec 08, 2017","1,298.80","1,301.50","1,301.50","1,298.10",0.28K,-0.38%
544,"Dec 11, 2017","1,297.50","1,298.60","1,298.60","1,293.40",0.02K,-0.10%
543,"Dec 12, 2017","1,292.60","1,296.70","1,296.80","1,289.40",0.05K,-0.38%
542,"Dec 13, 2017","1,299.40","1,299.40","1,299.40","1,299.40",0.03K,0.53%
541,"Dec 14, 2017","1,307.90","1,305.60","1,309.60","1,303.40",0.02K,0.65%
540,"Dec 15, 2017","1,308.10","1,312.10","1,312.10","1,310.00",0.00K,0.02%
539,"Dec 18, 2017","1,316.30","1,311.90","1,312.60","1,311.90",0.00K,0.63%
538,"Dec 19, 2017","1,315.50","1,315.50","1,315.50","1,315.50",0.01K,-0.06%
537,"Dec 20, 2017","1,321.10","1,317.90","1,321.80","1,317.90",0.02K,0.43%
536,"Dec 21, 2017","1,322.00","1,319.50","1,319.50","1,319.50",0.03K,0.07%
535,"Dec 22, 2017","1,330.50","1,322.00","1,329.10","1,322.00",0.00K,0.64%
534,"Dec 25, 2017","1,277.90","1,278.90","1,279.50","1,277.90",-,-3.95%
533,"Dec 26, 2017","1,339.20","1,337.00","1,337.90","1,337.00",0.00K,4.80%
532,"Dec 27, 2017","1,343.00","1,341.00","1,341.00","1,341.00",0.00K,0.28%
531,"Dec 28, 2017","1,350.10","1,346.00","1,346.40","1,343.30",0.13K,0.53%
530,"Dec 29, 2017","1,362.60","1,362.60","1,362.60","1,362.60",0.02K,0.93%
529,"Jan 01, 2018","1,308.70","1,305.80","1,309.70","1,304.60",-,-3.96%
528,"Jan 02, 2018","1,370.50","1,370.50","1,370.50","1,370.50",0.10K,4.72%
527,"Jan 03, 2018","1,374.20","1,372.00","1,372.00","1,369.00",0.02K,0.27%
526,"Jan 04, 2018","1,377.40","1,363.40","1,375.60","1,362.70",0.01K,0.23%
525,"Jan 05, 2018","1,378.40","1,377.80","1,377.80","1,377.80",0.01K,0.07%
524,"Jan 08, 2018","1,376.80","1,376.80","1,376.80","1,376.80",0.03K,-0.12%
523,"Jan 09, 2018","1,370.00","1,368.10","1,368.10","1,368.10",0.03K,-0.49%
522,"Jan 10, 2018","1,377.00","1,377.00","1,377.00","1,377.00",0.13K,0.51%
521,"Jan 11, 2018","1,380.10","1,380.10","1,380.10","1,380.10",0.07K,0.23%
520,"Jan 12, 2018","1,394.40","1,394.40","1,394.40","1,394.40",0.03K,1.04%
519,"Jan 14, 2018","1,337.40","1,337.70","1,338.60","1,336.40",-,-4.09%
518,"Jan 15, 2018","1,341.80","1,337.30","1,344.90","1,337.00",-,0.33%
517,"Jan 16, 2018","1,396.80","1,391.00","1,391.30","1,391.00",0.01K,4.10%
516,"Jan 17, 2018","1,399.70","1,399.70","1,399.70","1,399.70",0.01K,0.21%
515,"Jan 18, 2018","1,387.40","1,387.40","1,387.40","1,387.40",0.05K,-0.88%
514,"Jan 19, 2018","1,394.30","1,394.30","1,394.30","1,394.30",0.01K,0.50%
513,"Jan 22, 2018","1,394.00","1,394.00","1,394.00","1,394.00",0.02K,-0.02%
512,"Jan 23, 2018","1,398.20","1,398.20","1,398.20","1,398.20",0.02K,0.30%
511,"Jan 24, 2018","1,419.10","1,419.10","1,419.10","1,419.10",0.32K,1.49%
510,"Jan 25, 2018","1,425.90","1,418.80","1,418.80","1,418.80",0.00K,0.48%
509,"Jan 26, 2018","1,416.00","1,414.00","1,416.50","1,414.00",0.09K,-0.69%
508,"Jan 29, 2018","1,403.60","1,412.00","1,412.00","1,403.00",0.39K,-0.88%
507,"Jan 30, 2018","1,398.50","1,398.50","1,398.50","1,398.50",0.20K,-0.36%
506,"Jan 31, 2018","1,401.70","1,405.80","1,407.50","1,405.80",0.01K,0.23%
505,"Feb 01, 2018","1,406.70","1,406.70","1,406.70","1,406.70",0.06K,0.36%
504,"Feb 02, 2018","1,396.20","1,396.20","1,396.20","1,396.20",0.06K,-0.75%
503,"Feb 05, 2018","1,394.50","1,394.50","1,394.50","1,394.50",0.31K,-0.12%
502,"Feb 06, 2018","1,387.00","1,405.20","1,405.20","1,385.00",0.02K,-0.54%
501,"Feb 07, 2018","1,372.30","1,374.00","1,374.00","1,374.00",0.03K,-1.06%
500,"Feb 08, 2018","1,376.40","1,376.00","1,377.00","1,375.00",0.01K,0.30%
499,"Feb 09, 2018","1,372.30","1,372.70","1,372.70","1,372.70",0.00K,-0.30%
498,"Feb 12, 2018","1,383.10","1,383.10","1,383.10","1,383.10",0.01K,0.79%
497,"Feb 13, 2018","1,387.00","1,389.20","1,389.20","1,389.10",0.00K,0.28%
496,"Feb 14, 2018","1,415.10","1,397.00","1,397.00","1,397.00",0.03K,2.03%
495,"Feb 15, 2018","1,413.70","1,412.00","1,412.00","1,412.00",0.00K,-0.10%
494,"Feb 16, 2018","1,415.00","1,415.00","1,415.00","1,415.00",0.00K,0.09%
493,"Feb 18, 2018","1,350.50","1,349.70","1,352.40","1,349.70",-,-4.56%
492,"Feb 19, 2018","1,347.80","1,350.40","1,353.90","1,347.40",-,-0.20%
491,"Feb 20, 2018","1,390.10","1,404.80","1,404.80","1,392.20",0.02K,3.14%
490,"Feb 21, 2018","1,392.30","1,390.70","1,394.00","1,388.80",0.21K,0.16%
489,"Feb 22, 2018","1,393.10","1,387.40","1,392.80","1,383.10",0.01K,0.06%
488,"Feb 23, 2018","1,390.70","1,390.70","1,390.70","1,390.70",0.15K,-0.17%
487,"Feb 26, 2018","1,394.80","1,394.80","1,394.80","1,394.80",0.10K,0.29%
486,"Feb 27, 2018","1,381.30","1,385.80","1,385.80","1,378.40",0.11K,-0.97%
485,"Feb 28, 2018","1,380.80","1,382.00","1,382.00","1,382.00",0.04K,-0.04%
484,"Mar 01, 2018","1,367.60","1,377.50","1,377.50","1,365.80",0.03K,-0.96%
483,"Mar 02, 2018","1,385.80","1,378.00","1,378.00","1,378.00",0.21K,1.33%
482,"Mar 05, 2018","1,382.10","1,382.10","1,382.10","1,382.10",0.18K,-0.27%
481,"Mar 06, 2018","1,397.50","1,399.90","1,399.90","1,399.90",0.00K,1.11%
480,"Mar 07, 2018","1,389.50","1,389.50","1,389.50","1,389.50",0.17K,-0.57%
479,"Mar 08, 2018","1,384.00","1,381.50","1,381.50","1,381.50",0.00K,-0.40%
478,"Mar 09, 2018","1,386.90","1,386.90","1,386.90","1,386.90",0.00K,0.21%
477,"Mar 12, 2018","1,383.70","1,381.40","1,381.40","1,381.40",0.00K,-0.23%
476,"Mar 13, 2018","1,390.30","1,390.30","1,390.30","1,390.30",0.60K,0.48%
475,"Mar 14, 2018","1,388.60","1,388.60","1,388.60","1,388.60",0.00K,-0.12%
474,"Mar 15, 2018","1,380.60","1,381.70","1,381.70","1,381.70",0.10K,-0.58%
473,"Mar 16, 2018","1,375.20","1,375.20","1,375.20","1,375.20",0.08K,-0.39%
472,"Mar 19, 2018","1,380.60","1,380.60","1,380.60","1,380.60",0.20K,0.39%
471,"Mar 20, 2018","1,375.10","1,375.10","1,375.10","1,375.10",0.07K,-0.40%
470,"Mar 21, 2018","1,385.50","1,385.50","1,385.50","1,385.50",0.16K,0.76%
469,"Mar 22, 2018","1,391.10","1,391.10","1,391.10","1,391.10",0.00K,0.40%
468,"Mar 23, 2018","1,413.90","1,403.50","1,412.30","1,403.50",0.01K,1.64%
467,"Mar 26, 2018","1,419.90","1,420.30","1,420.50","1,418.90",0.04K,0.42%
466,"Mar 27, 2018","1,406.70","1,413.00","1,413.00","1,407.10",0.01K,-0.93%
465,"Mar 28, 2018","1,387.80","1,399.00","1,399.00","1,389.50",0.11K,-1.34%
464,"Mar 29, 2018","1,384.90","1,384.30","1,384.30","1,384.10",0.00K,-0.21%
463,"Apr 02, 2018","1,404.70","1,404.70","1,404.70","1,404.70",0.01K,1.43%
462,"Apr 03, 2018","1,395.40","1,392.00","1,392.00","1,392.00",0.01K,-0.66%
461,"Apr 04, 2018","1,398.60","1,398.60","1,398.60","1,398.60",0.01K,0.23%
460,"Apr 05, 2018","1,387.00","1,387.00","1,387.00","1,387.00",0.04K,-0.83%
459,"Apr 06, 2018","1,394.80","1,394.00","1,394.20","1,393.60",0.00K,0.56%
458,"Apr 09, 2018","1,398.50","1,398.80","1,398.80","1,398.80",0.00K,0.27%
457,"Apr 10, 2018","1,404.40","1,404.40","1,404.40","1,404.40",0.06K,0.42%
456,"Apr 11, 2018","1,418.90","1,418.90","1,418.90","1,418.90",0.06K,1.03%
455,"Apr 12, 2018","1,400.30","1,400.30","1,400.30","1,400.30",0.06K,-1.31%
454,"Apr 13, 2018","1,406.60","1,406.60","1,406.60","1,406.60",0.05K,0.45%
453,"Apr 16, 2018","1,409.30","1,409.30","1,409.30","1,409.30",0.02K,0.19%
452,"Apr 17, 2018","1,408.00","1,410.70","1,410.70","1,410.70",0.26K,-0.09%
451,"Apr 18, 2018","1,412.20","1,412.20","1,412.20","1,412.20",0.00K,0.30%
450,"Apr 19, 2018","1,407.50","1,405.60","1,405.80","1,405.60",0.00K,-0.33%
449,"Apr 20, 2018","1,396.90","1,402.80","1,402.80","1,396.50",0.22K,-0.75%
448,"Apr 23, 2018","1,382.70","1,395.10","1,395.10","1,383.60",0.01K,-1.02%
447,"Apr 24, 2018","1,391.80","1,384.60","1,393.00","1,384.60",0.01K,0.66%
446,"Apr 25, 2018","1,381.60","1,383.40","1,383.40","1,383.40",0.00K,-0.73%
445,"Apr 26, 2018","1,376.70","1,378.80","1,378.80","1,378.80",0.01K,-0.35%
444,"Apr 27, 2018","1,382.30","1,382.30","1,382.30","1,382.30",0.01K,0.41%
443,"Apr 30, 2018","1,377.80","1,380.00","1,380.00","1,380.00",0.01K,-0.33%
442,"May 01, 2018","1,365.10","1,370.00","1,370.00","1,365.20",0.17K,-0.92%
441,"May 02, 2018","1,364.00","1,370.00","1,370.00","1,364.00",0.04K,-0.08%
440,"May 03, 2018","1,371.10","1,370.00","1,374.20","1,370.00",0.01K,0.52%
439,"May 04, 2018","1,373.40","1,370.00","1,373.60","1,370.00",0.04K,0.17%
438,"May 07, 2018","1,372.90","1,376.20","1,377.20","1,369.60",0.02K,-0.04%
437,"May 08, 2018","1,372.50","1,365.50","1,365.50","1,365.50",0.00K,-0.03%
436,"May 09, 2018","1,371.70","1,374.10","1,375.10","1,370.40",0.15K,-0.06%
435,"May 10, 2018","1,380.80","1,373.20","1,376.70","1,372.70",0.29K,0.66%
434,"May 11, 2018","1,379.10","1,379.10","1,379.10","1,379.10",0.20K,-0.12%
433,"May 14, 2018","1,376.60","1,376.60","1,376.60","1,376.60",0.11K,-0.18%
432,"May 15, 2018","1,348.50","1,366.30","1,366.30","1,349.00",0.03K,-2.04%
431,"May 16, 2018","1,350.10","1,352.80","1,352.80","1,347.00",0.03K,0.12%
430,"May 17, 2018","1,347.90","1,351.10","1,351.10","1,347.00",0.01K,-0.16%
429,"May 18, 2018","1,349.20","1,344.40","1,349.00","1,344.40",0.02K,0.10%
428,"May 21, 2018","1,349.00","1,342.00","1,345.10","1,342.00",0.00K,-0.01%
427,"May 22, 2018","1,350.00","1,350.00","1,350.00","1,350.00",0.01K,0.07%
426,"May 23, 2018","1,347.40","1,347.00","1,347.00","1,347.00",0.05K,-0.19%
425,"May 24, 2018","1,362.40","1,362.40","1,362.40","1,362.40",0.02K,1.11%
424,"May 25, 2018","1,361.40","1,360.20","1,361.80","1,360.20",0.12K,-0.07%
423,"May 27, 2018","1,298.30","1,299.80","1,299.90","1,296.10",-,-4.63%
422,"May 28, 2018","1,297.60","1,298.40","1,299.70","1,294.70",-,-0.05%
421,"May 29, 2018","1,354.60","1,361.50","1,362.40","1,353.00",0.67K,4.39%
420,"May 30, 2018","1,357.60","1,355.00","1,356.40","1,355.00",0.68K,0.22%
419,"May 31, 2018","1,355.90","1,357.40","1,357.40","1,355.30",0.22K,-0.13%
418,"Jun 01, 2018","1,350.90","1,350.90","1,350.90","1,350.90",0.20K,-0.37%
417,"Jun 04, 2018","1,349.40","1,349.40","1,349.40","1,349.40",0.06K,-0.11%
416,"Jun 05, 2018","1,354.10","1,349.50","1,355.10","1,349.50",0.28K,0.35%
415,"Jun 06, 2018","1,353.50","1,356.60","1,356.60","1,352.40",0.53K,-0.04%
414,"Jun 07, 2018","1,354.40","1,354.40","1,355.20","1,354.20",0.31K,0.07%
413,"Jun 08, 2018","1,354.40","1,355.30","1,355.30","1,355.30",0.04K,0.00%
412,"Jun 11, 2018","1,355.50","1,356.30","1,356.30","1,356.30",0.00K,0.08%
411,"Jun 12, 2018","1,351.80","1,353.50","1,353.50","1,353.50",0.00K,-0.27%
410,"Jun 13, 2018","1,353.50","1,353.50","1,353.50","1,353.50",0.05K,0.13%
409,"Jun 14, 2018","1,360.60","1,360.60","1,360.60","1,360.60",0.05K,0.52%
408,"Jun 15, 2018","1,329.30","1,342.70","1,342.70","1,342.70",0.06K,-2.30%
407,"Jun 18, 2018","1,331.10","1,331.90","1,331.90","1,331.90",0.10K,0.14%
406,"Jun 19, 2018","1,329.20","1,327.90","1,327.90","1,327.90",0.36K,-0.14%
405,"Jun 20, 2018","1,325.30","1,328.10","1,328.10","1,323.00",0.22K,-0.29%
404,"Jun 21, 2018","1,321.00","1,315.10","1,321.50","1,315.10",0.05K,-0.32%
403,"Jun 22, 2018","1,321.30","1,320.50","1,320.50","1,320.00",0.02K,0.02%
402,"Jun 25, 2018","1,319.20","1,320.20","1,320.20","1,317.20",0.08K,-0.16%
401,"Jun 26, 2018","1,309.60","1,314.00","1,314.00","1,309.40",0.02K,-0.73%
400,"Jun 27, 2018","1,305.70","1,307.80","1,307.80","1,304.50",0.04K,-0.30%
399,"Jun 28, 2018","1,300.20","1,301.10","1,301.10","1,301.10",0.14K,-0.42%
398,"Jun 29, 2018","1,303.90","1,302.00","1,304.10","1,299.50",0.01K,0.28%
397,"Jul 02, 2018","1,289.90","1,300.00","1,300.00","1,300.00",0.17K,-1.07%
396,"Jul 03, 2018","1,302.40","1,288.50","1,305.10","1,288.50",0.18K,0.97%
395,"Jul 04, 2018","1,258.10","1,256.20","1,262.40","1,255.30",-,-3.40%
394,"Jul 05, 2018","1,307.60","1,307.90","1,307.90","1,305.40",0.03K,3.93%
393,"Jul 06, 2018","1,304.80","1,305.50","1,305.50","1,305.50",0.00K,-0.21%
392,"Jul 09, 2018","1,309.00","1,303.50","1,313.50","1,303.50",0.03K,0.32%
391,"Jul 10, 2018","1,305.10","1,310.10","1,310.10","1,304.10",0.43K,-0.30%
390,"Jul 11, 2018","1,293.30","1,290.70","1,290.70","1,290.70",0.14K,-0.90%
389,"Jul 12, 2018","1,295.40","1,292.40","1,295.40","1,291.50",0.04K,0.16%
388,"Jul 13, 2018","1,289.70","1,290.00","1,290.10","1,287.90",0.13K,-0.44%
387,"Jul 16, 2018","1,288.20","1,289.90","1,289.90","1,288.90",0.01K,-0.12%
386,"Jul 17, 2018","1,275.30","1,288.30","1,292.40","1,276.10",0.34K,-1.00%
385,"Jul 18, 2018","1,275.70","1,271.10","1,272.10","1,268.90",0.26K,0.03%
384,"Jul 19, 2018","1,271.10","1,265.90","1,265.90","1,262.90",0.34K,-0.36%
383,"Jul 20, 2018","1,277.50","1,264.60","1,278.00","1,264.60",0.15K,0.50%
382,"Jul 23, 2018","1,271.40","1,278.50","1,278.50","1,270.30",0.26K,-0.48%
381,"Jul 24, 2018","1,271.50","1,270.00","1,272.00","1,265.90",0.10K,0.01%
380,"Jul 25, 2018","1,277.40","1,275.80","1,278.50","1,275.00",0.06K,0.46%
379,"Jul 26, 2018","1,271.80","1,271.80","1,271.80","1,271.80",0.06K,-0.44%
378,"Jul 27, 2018","1,269.30","1,265.10","1,270.10","1,265.10",0.02K,-0.20%
377,"Jul 30, 2018","1,268.00","1,268.30","1,268.30","1,268.30",0.07K,-0.10%
376,"Jul 31, 2018","1,270.10","1,268.10","1,272.00","1,260.00",0.04K,0.17%
375,"Aug 01, 2018","1,264.30","1,263.40","1,263.40","1,261.90",0.05K,-0.46%
374,"Aug 02, 2018","1,256.50","1,262.80","1,263.40","1,253.50",0.09K,-0.62%
373,"Aug 03, 2018","1,259.70","1,249.50","1,264.50","1,249.50",0.03K,0.25%
372,"Aug 06, 2018","1,254.10","1,260.10","1,260.10","1,254.00",0.01K,-0.44%
371,"Aug 07, 2018","1,254.70","1,257.50","1,259.60","1,255.50",0.01K,0.05%
370,"Aug 08, 2018","1,257.30","1,256.80","1,256.80","1,256.80",0.00K,0.21%
369,"Aug 09, 2018","1,256.30","1,256.30","1,256.30","1,256.30",0.12K,-0.08%
368,"Aug 10, 2018","1,255.10","1,251.00","1,260.00","1,251.00",0.10K,-0.10%
367,"Aug 13, 2018","1,234.60","1,251.50","1,251.50","1,236.20",0.19K,-1.63%
366,"Aug 14, 2018","1,236.40","1,236.70","1,237.60","1,236.40",0.06K,0.15%
365,"Aug 15, 2018","1,220.20","1,230.00","1,230.20","1,217.10",0.04K,-1.31%
364,"Aug 16, 2018","1,219.20","1,211.10","1,223.10","1,208.60",0.30K,-0.08%
363,"Aug 17, 2018","1,219.30","1,214.30","1,226.00","1,214.30",0.02K,0.01%
362,"Aug 20, 2018","1,229.60","1,227.90","1,231.60","1,227.30",0.14K,0.84%
361,"Aug 21, 2018","1,234.90","1,236.00","1,237.30","1,231.60",0.03K,0.43%
360,"Aug 22, 2018","1,238.20","1,239.20","1,239.20","1,237.40",0.04K,0.27%
359,"Aug 23, 2018","1,228.40","1,229.30","1,233.40","1,228.00",0.07K,-0.79%
358,"Aug 24, 2018","1,248.20","1,228.60","1,249.20","1,228.60",0.03K,1.61%
357,"Aug 27, 2018","1,251.20","1,245.20","1,252.90","1,245.20",0.00K,0.24%
356,"Aug 28, 2018","1,249.60","1,247.90","1,247.90","1,242.50",0.01K,-0.13%
355,"Aug 29, 2018","1,246.50","1,242.80","1,246.80","1,242.80",0.10K,-0.25%
354,"Aug 30, 2018","1,239.50","1,243.00","1,243.30","1,237.40",0.43K,-0.56%
353,"Aug 31, 2018","1,241.10","1,243.80","1,247.90","1,241.60",0.02K,0.13%
352,"Sep 02, 2018","1,204.90","1,206.20","1,206.60","1,204.50",-,-2.92%
351,"Sep 03, 2018","1,206.30","1,204.90","1,209.60","1,201.30",-,0.12%
350,"Sep 04, 2018","1,233.60","1,241.00","1,243.20","1,230.30",0.11K,2.26%
349,"Sep 05, 2018","1,236.00","1,234.40","1,237.30","1,233.70",0.11K,0.19%
348,"Sep 06, 2018","1,239.10","1,242.50","1,246.50","1,237.80",0.55K,0.25%
347,"Sep 07, 2018","1,235.50","1,240.60","1,241.50","1,235.80",0.47K,-0.29%
346,"Sep 10, 2018","1,235.00","1,233.70","1,237.20","1,233.50",0.05K,-0.04%
345,"Sep 11, 2018","1,237.60","1,234.80","1,239.50","1,230.00",0.16K,0.21%
344,"Sep 12, 2018","1,246.60","1,238.00","1,247.00","1,235.70",0.40K,0.73%
343,"Sep 13, 2018","1,243.80","1,246.40","1,252.50","1,242.10",0.29K,-0.22%
342,"Sep 14, 2018","1,236.60","1,244.00","1,247.70","1,234.80",0.28K,-0.58%
341,"Sep 17, 2018","1,241.20","1,236.70","1,244.70","1,236.70",0.15K,0.37%
340,"Sep 18, 2018","1,238.30","1,238.20","1,241.20","1,238.20",0.24K,-0.23%
339,"Sep 19, 2018","1,244.10","1,240.00","1,246.30","1,240.00",0.08K,0.47%
338,"Sep 20, 2018","1,247.00","1,243.10","1,248.20","1,241.90",0.07K,0.23%
337,"Sep 21, 2018","1,236.90","1,249.70","1,250.30","1,231.90",0.04K,-0.81%
336,"Sep 24, 2018","1,240.00","1,237.70","1,243.50","1,237.70",0.01K,0.25%
335,"Sep 25, 2018","1,240.80","1,240.80","1,240.80","1,240.80",0.05K,0.06%
334,"Sep 26, 2018","1,234.40","1,239.70","1,239.70","1,231.00",0.66K,-0.52%
333,"Sep 27, 2018","1,222.40","1,236.10","1,236.10","1,221.80",1.30K,-0.97%
332,"Sep 28, 2018","1,231.30","1,222.90","1,232.00","1,220.70",0.18K,0.73%
331,"Oct 01, 2018","1,227.00","1,225.20","1,228.80","1,223.80",0.50K,-0.35%
330,"Oct 02, 2018","1,242.70","1,228.10","1,247.30","1,228.10",0.28K,1.28%
329,"Oct 03, 2018","1,238.70","1,245.20","1,245.20","1,237.90",0.18K,-0.32%
328,"Oct 04, 2018","1,237.50","1,239.00","1,242.90","1,239.00",0.61K,-0.10%
327,"Oct 05, 2018","1,242.20","1,238.10","1,244.60","1,238.10",0.10K,0.38%
326,"Oct 08, 2018","1,224.90","1,230.00","1,230.00","1,223.60",0.15K,-1.39%
325,"Oct 09, 2018","1,227.80","1,230.10","1,231.30","1,224.90",0.07K,0.24%
324,"Oct 10, 2018","1,229.40","1,228.80","1,233.00","1,227.00",0.12K,0.13%
323,"Oct 11, 2018","1,264.00","1,233.20","1,265.70","1,231.20",0.76K,2.81%
322,"Oct 12, 2018","1,258.10","1,259.40","1,261.40","1,256.70",0.17K,-0.47%
321,"Oct 15, 2018","1,266.90","1,258.90","1,272.90","1,258.90",0.19K,0.70%
320,"Oct 16, 2018","1,267.30","1,269.40","1,269.40","1,268.40",0.12K,0.03%
319,"Oct 17, 2018","1,263.40","1,260.40","1,268.60","1,260.40",0.30K,-0.31%
318,"Oct 18, 2018","1,266.60","1,262.70","1,267.30","1,261.30",0.04K,0.25%
317,"Oct 19, 2018","1,265.30","1,268.50","1,268.50","1,265.50",0.04K,-0.10%
316,"Oct 22, 2018","1,261.30","1,266.90","1,266.90","1,259.70",0.14K,-0.32%
315,"Oct 23, 2018","1,273.50","1,269.90","1,276.40","1,269.90",0.05K,0.97%
314,"Oct 24, 2018","1,267.60","1,271.80","1,271.80","1,269.50",0.34K,-0.46%
313,"Oct 25, 2018","1,269.00","1,276.50","1,277.50","1,267.70",0.48K,0.11%
312,"Oct 26, 2018","1,272.30","1,270.70","1,281.30","1,270.00",0.54K,0.26%
311,"Oct 29, 2018","1,263.70","1,272.20","1,272.20","1,263.90",0.26K,-0.68%
310,"Oct 30, 2018","1,261.50","1,263.70","1,263.70","1,257.40",0.13K,-0.17%
309,"Oct 31, 2018","1,250.80","1,260.40","1,260.40","1,250.00",0.96K,-0.85%
308,"Nov 01, 2018","1,274.80","1,255.30","1,272.00","1,255.30",0.20K,1.92%
307,"Nov 02, 2018","1,269.90","1,271.00","1,273.90","1,268.40",1.29K,-0.38%
306,"Nov 05, 2018","1,269.00","1,269.90","1,270.80","1,266.50",0.19K,-0.07%
305,"Nov 06, 2018","1,263.00","1,273.50","1,273.50","1,262.90",0.24K,-0.47%
304,"Nov 07, 2018","1,265.40","1,265.30","1,273.00","1,262.00",0.57K,0.19%
303,"Nov 08, 2018","1,262.00","1,262.70","1,263.70","1,258.00",0.46K,-0.27%
302,"Nov 09, 2018","1,245.00","1,252.70","1,252.70","1,243.90",0.46K,-1.35%
301,"Nov 12, 2018","1,239.60","1,243.40","1,244.40","1,237.70",0.61K,-0.43%
300,"Nov 13, 2018","1,237.50","1,239.70","1,240.80","1,232.50",1.37K,-0.17%
299,"Nov 14, 2018","1,246.20","1,234.20","1,251.30","1,234.00",0.33K,0.70%
298,"Nov 15, 2018","1,251.70","1,249.60","1,252.30","1,245.50",0.14K,0.44%
297,"Nov 16, 2018","1,259.00","1,253.30","1,260.60","1,253.30",0.22K,0.58%
296,"Nov 19, 2018","1,261.60","1,257.60","1,261.00","1,257.00",2.39K,0.21%
295,"Nov 20, 2018","1,257.50","1,261.90","1,262.60","1,258.20",0.37K,-0.32%
294,"Nov 21, 2018","1,264.70","1,261.30","1,265.40","1,260.60",0.34K,0.57%
293,"Nov 22, 2018","1,228.00","1,226.40","1,229.70","1,225.50",-,-2.90%
292,"Nov 23, 2018","1,260.00","1,265.20","1,265.50","1,257.80",0.64K,2.61%
291,"Nov 26, 2018","1,259.70","1,260.10","1,263.90","1,259.40",1.45K,-0.02%
290,"Nov 27, 2018","1,250.40","1,258.00","1,260.00","1,248.90",0.43K,-0.74%
289,"Nov 28, 2018","1,260.20","1,250.90","1,261.30","1,247.70",0.52K,0.78%
288,"Nov 29, 2018","1,260.80","1,261.10","1,264.10","1,259.00",0.17K,0.05%
287,"Nov 30, 2018","1,256.50","1,257.40","1,257.70","1,255.30",0.26K,-0.34%
286,"Dec 03, 2018","1,270.20","1,260.60","1,271.00","1,260.30",0.18K,1.09%
285,"Dec 04, 2018","1,277.40","1,271.00","1,277.50","1,271.00",0.27K,0.57%
284,"Dec 05, 2018","1,273.40","1,273.50","1,273.50","1,269.70",0.21K,-0.31%
283,"Dec 06, 2018","1,274.30","1,273.00","1,279.20","1,271.20",0.59K,0.07%
282,"Dec 07, 2018","1,283.60","1,273.60","1,286.60","1,273.50",0.53K,0.73%
281,"Dec 10, 2018","1,280.00","1,283.80","1,283.80","1,279.60",0.68K,-0.28%
280,"Dec 11, 2018","1,278.10","1,279.80","1,285.00","1,277.10",0.29K,-0.15%
279,"Dec 12, 2018","1,281.00","1,280.00","1,282.60","1,279.80",0.43K,0.23%
278,"Dec 13, 2018","1,278.40","1,281.20","1,281.90","1,276.90",0.16K,-0.20%
277,"Dec 14, 2018","1,272.20","1,277.10","1,277.10","1,267.50",0.34K,-0.48%
276,"Dec 17, 2018","1,282.60","1,271.40","1,282.00","1,270.20",0.44K,0.82%
275,"Dec 18, 2018","1,284.00","1,282.70","1,284.60","1,280.70",1.75K,0.11%
274,"Dec 19, 2018","1,286.80","1,283.90","1,289.40","1,276.10",0.25K,0.22%
273,"Dec 20, 2018","1,298.60","1,279.30","1,300.00","1,279.20",0.54K,0.92%
272,"Dec 21, 2018","1,288.60","1,295.50","1,295.50","1,287.90",0.43K,-0.77%
271,"Dec 24, 2018","1,302.40","1,292.50","1,303.80","1,292.50",0.16K,1.07%
270,"Dec 25, 2018","1,270.75","1,272.50","1,274.55","1,270.65",-,-2.43%
269,"Dec 26, 2018","1,303.70","1,299.00","1,312.80","1,298.70",0.26K,2.59%
268,"Dec 27, 2018","1,311.90","1,304.00","1,312.30","1,300.30",0.21K,0.63%
267,"Dec 28, 2018","1,313.70","1,311.00","1,313.90","1,309.20",0.62K,0.14%
266,"Dec 31, 2018","1,312.50","1,313.00","1,317.10","1,311.00",0.53K,-0.09%
265,"Jan 01, 2019","1,283.35","1,284.70","1,284.75","1,282.85",-,-2.22%
264,"Jan 02, 2019","1,315.30","1,319.90","1,320.60","1,315.00",0.80K,2.49%
263,"Jan 03, 2019","1,326.10","1,318.70","1,327.00","1,318.70",1.70K,0.82%
262,"Jan 04, 2019","1,317.40","1,328.00","1,330.80","1,309.60",0.92K,-0.66%
261,"Jan 07, 2019","1,321.50","1,317.60","1,326.80","1,317.60",0.90K,0.31%
260,"Jan 08, 2019","1,317.40","1,321.60","1,321.60","1,312.90",1.01K,-0.31%
259,"Jan 09, 2019","1,323.50","1,314.30","1,326.00","1,312.40",0.58K,0.46%
258,"Jan 10, 2019","1,319.20","1,325.00","1,328.00","1,319.10",0.55K,-0.32%
257,"Jan 11, 2019","1,321.30","1,319.30","1,325.80","1,319.00",0.53K,0.16%
256,"Jan 14, 2019","1,323.30","1,323.10","1,327.10","1,321.00",1.32K,0.15%
255,"Jan 15, 2019","1,319.70","1,324.70","1,326.00","1,318.10",0.94K,-0.27%
254,"Jan 16, 2019","1,325.10","1,321.30","1,326.00","1,321.30",1.12K,0.41%
253,"Jan 17, 2019","1,323.60","1,323.50","1,323.50","1,319.90",0.48K,-0.11%
252,"Jan 18, 2019","1,313.80","1,322.00","1,322.10","1,312.00",0.29K,-0.74%
251,"Jan 20, 2019","1,282.05","1,281.30","1,282.70","1,280.50",-,-2.42%
250,"Jan 21, 2019","1,279.05","1,281.95","1,282.95","1,276.15",-,-0.23%
249,"Jan 22, 2019","1,314.20","1,311.10","1,315.80","1,308.00",1.37K,2.75%
248,"Jan 23, 2019","1,315.20","1,315.00","1,316.30","1,309.90",0.92K,0.08%
247,"Jan 24, 2019","1,310.80","1,314.00","1,314.00","1,308.50",0.40K,-0.33%
246,"Jan 25, 2019","1,329.10","1,313.10","1,333.20","1,312.30",0.36K,1.40%
245,"Jan 28, 2019","1,334.50","1,331.90","1,334.70","1,329.30",0.92K,0.41%
244,"Jan 29, 2019","1,340.20","1,334.20","1,341.70","1,333.10",9.30K,0.43%
243,"Jan 30, 2019","1,340.50","1,341.30","1,353.20","1,340.20",1.91K,0.02%
242,"Jan 31, 2019","1,350.00","1,350.60","1,354.60","1,347.00",2.65K,0.71%
241,"Feb 01, 2019","1,347.10","1,349.80","1,352.20","1,345.90",0.75K,-0.21%
240,"Feb 04, 2019","1,344.30","1,346.40","1,346.40","1,338.00",0.53K,-0.21%
239,"Feb 05, 2019","1,344.60","1,343.40","1,345.70","1,340.80",1.25K,0.02%
238,"Feb 06, 2019","1,339.70","1,344.90","1,344.90","1,335.00",0.77K,-0.36%
237,"Feb 07, 2019","1,339.40","1,335.60","1,340.70","1,332.00",1.66K,-0.02%
236,"Feb 08, 2019","1,343.70","1,337.90","1,344.20","1,337.90",0.33K,0.32%
235,"Feb 11, 2019","1,337.00","1,342.50","1,342.70","1,333.00",1.26K,-0.50%
234,"Feb 12, 2019","1,338.90","1,337.00","1,342.10","1,336.80",1.07K,0.14%
233,"Feb 13, 2019","1,340.10","1,338.60","1,345.20","1,333.20",1.88K,0.09%
232,"Feb 14, 2019","1,338.70","1,337.00","1,342.00","1,329.90",0.81K,-0.10%
231,"Feb 15, 2019","1,346.80","1,340.40","1,350.00","1,340.40",0.85K,0.61%
230,"Feb 17, 2019","1,324.25","1,324.65","1,324.95","1,323.85",-,-1.67%
229,"Feb 18, 2019","1,329.55","1,324.35","1,330.75","1,324.05",-,0.40%
228,"Feb 19, 2019","1,369.60","1,349.50","1,369.60","1,349.00",2.60K,3.01%
227,"Feb 20, 2019","1,372.50","1,371.30","1,374.30","1,366.30",1.67K,0.21%
226,"Feb 21, 2019","1,352.40","1,367.90","1,368.40","1,351.20",0.86K,-1.46%
225,"Feb 22, 2019","1,357.60","1,351.30","1,359.80","1,349.10",0.99K,0.38%
224,"Feb 25, 2019","1,354.20","1,357.80","1,359.00","1,352.40",0.55K,-0.25%
223,"Feb 26, 2019","1,353.40","1,356.10","1,357.00","1,350.70",0.17K,-0.06%
222,"Feb 27, 2019","1,346.00","1,356.00","1,356.00","1,344.30",0.88K,-0.55%
221,"Feb 28, 2019","1,341.00","1,347.60","1,353.40","1,338.90",0.61K,-0.37%
220,"Mar 01, 2019","1,323.80","1,339.10","1,340.60","1,316.30",2.18K,-1.28%
219,"Mar 04, 2019","1,311.90","1,320.60","1,322.30","1,308.40",1.76K,-0.90%
218,"Mar 05, 2019","1,309.10","1,311.80","1,314.10","1,306.90",1.24K,-0.21%
217,"Mar 06, 2019","1,312.20","1,314.00","1,316.10","1,309.60",1.10K,0.24%
216,"Mar 07, 2019","1,310.70","1,312.40","1,312.90","1,306.70",2.36K,-0.11%
215,"Mar 08, 2019","1,324.30","1,312.30","1,325.70","1,312.30",2.40K,1.04%
214,"Mar 11, 2019","1,315.70","1,323.50","1,323.50","1,315.40",1.36K,-0.65%
213,"Mar 12, 2019","1,322.40","1,319.10","1,326.30","1,319.00",1.33K,0.51%
212,"Mar 13, 2019","1,333.80","1,327.20","1,336.00","1,327.20",2.00K,0.86%
211,"Mar 14, 2019","1,319.40","1,332.10","1,332.10","1,317.20",1.46K,-1.08%
210,"Mar 15, 2019","1,327.10","1,320.30","1,330.10","1,320.00",0.88K,0.58%
209,"Mar 18, 2019","1,325.80","1,323.10","1,330.40","1,323.00",1.18K,-0.10%
208,"Mar 19, 2019","1,330.90","1,328.00","1,334.70","1,328.00",1.31K,0.38%
207,"Mar 20, 2019","1,325.80","1,330.90","1,341.10","1,323.00",2.96K,-0.38%
206,"Mar 21, 2019","1,331.60","1,338.00","1,344.20","1,327.80",1.30K,0.44%
205,"Mar 22, 2019","1,336.50","1,333.00","1,338.80","1,331.70",3.94K,0.37%
204,"Mar 25, 2019","1,346.70","1,335.30","1,348.40","1,335.30",2.50K,0.76%
203,"Mar 26, 2019","1,339.20","1,345.20","1,345.60","1,336.60",1.83K,-0.56%
202,"Mar 27, 2019","1,334.70","1,341.10","1,342.80","1,331.80",1.71K,-0.34%
201,"Mar 28, 2019","1,313.30","1,332.50","1,334.70","1,311.40",2.56K,-1.60%
200,"Mar 29, 2019","1,316.50","1,314.00","1,322.30","1,310.00",0.83K,0.24%
199,"Apr 01, 2019","1,312.40","1,314.40","1,319.30","1,309.50",0.77K,-0.31%
198,"Apr 02, 2019","1,313.40","1,310.70","1,314.70","1,308.00",1.41K,0.08%
197,"Apr 03, 2019","1,313.30","1,314.00","1,316.60","1,310.60",1.44K,-0.01%
196,"Apr 04, 2019","1,312.20","1,313.10","1,316.40","1,302.80",2.29K,-0.08%
195,"Apr 05, 2019","1,313.70","1,315.00","1,315.00","1,306.60",1.64K,0.11%
194,"Apr 08, 2019","1,319.90","1,313.70","1,325.40","1,313.70",1.26K,0.47%
193,"Apr 09, 2019","1,326.30","1,320.00","1,328.30","1,320.00",2.72K,0.48%
192,"Apr 10, 2019","1,331.90","1,326.50","1,332.20","1,322.80",2.08K,0.42%
191,"Apr 11, 2019","1,311.30","1,329.20","1,329.20","1,311.00",1.72K,-1.55%
190,"Apr 12, 2019","1,313.40","1,314.20","1,316.90","1,312.10",2.37K,0.16%
189,"Apr 15, 2019","1,309.40","1,312.30","1,312.30","1,303.60",2.82K,-0.30%
188,"Apr 16, 2019","1,295.20","1,309.50","1,309.50","1,293.90",3.13K,-1.08%
187,"Apr 17, 2019","1,294.70","1,297.40","1,299.60","1,293.50",2.23K,-0.04%
186,"Apr 18, 2019","1,294.10","1,293.70","1,296.90","1,291.00",1.15K,-0.05%
185,"Apr 19, 2019","1,277.90","1,277.90","1,277.90","1,277.90",-,-1.25%
184,"Apr 22, 2019","1,295.80","1,295.80","1,299.50","1,294.10",0.23K,1.40%
183,"Apr 23, 2019","1,291.20","1,295.20","1,296.20","1,286.00",2.09K,-0.36%
182,"Apr 24, 2019","1,297.40","1,290.30","1,298.40","1,289.10",1.30K,0.48%
181,"Apr 25, 2019","1,297.70","1,294.20","1,302.50","1,293.50",1.42K,0.02%
180,"Apr 26, 2019","1,306.80","1,298.00","1,308.70","1,296.90",2.05K,0.70%
179,"Apr 29, 2019","1,299.40","1,306.40","1,306.40","1,298.00",1.29K,-0.57%
178,"Apr 30, 2019","1,303.60","1,299.80","1,305.90","1,299.60",2.06K,0.32%
177,"May 01, 2019","1,302.20","1,302.30","1,307.00","1,292.90",2.49K,-0.11%
176,"May 02, 2019","1,289.90","1,297.00","1,297.20","1,285.10",3.05K,-0.94%
175,"May 03, 2019","1,299.20","1,289.60","1,301.70","1,288.50",1.93K,0.72%
174,"May 06, 2019","1,301.80","1,302.00","1,305.00","1,296.30",2.34K,0.20%
173,"May 07, 2019","1,303.60","1,300.70","1,305.30","1,297.20",3.77K,0.14%
172,"May 08, 2019","1,299.50","1,303.50","1,310.20","1,298.40",2.88K,-0.31%
171,"May 09, 2019","1,303.20","1,300.50","1,307.00","1,298.60",5.94K,0.28%
170,"May 10, 2019","1,305.30","1,303.20","1,308.00","1,302.00",3.12K,0.16%
169,"May 13, 2019","1,319.50","1,306.00","1,319.80","1,300.30",6.73K,1.09%
168,"May 14, 2019","1,313.60","1,318.70","1,321.70","1,312.00",5.46K,-0.45%
167,"May 15, 2019","1,315.10","1,315.00","1,318.70","1,310.80",4.38K,0.11%
166,"May 16, 2019","1,303.50","1,314.50","1,316.20","1,301.90",5.25K,-0.88%
165,"May 17, 2019","1,293.00","1,304.10","1,305.90","1,292.00",4.35K,-0.81%
164,"May 20, 2019","1,294.60","1,294.70","1,295.80","1,291.10",5.62K,0.12%
163,"May 21, 2019","1,290.40","1,293.70","1,293.80","1,286.30",4.54K,-0.32%
162,"May 22, 2019","1,291.40","1,291.20","1,293.70","1,289.20",11.47K,0.08%
161,"May 23, 2019","1,302.70","1,290.20","1,304.20","1,289.90",6.98K,0.88%
160,"May 24, 2019","1,301.00","1,300.40","1,302.00","1,297.40",3.32K,-0.13%
159,"May 26, 2019","1,284.15","1,284.20","1,285.15","1,283.65",-,-1.30%
158,"May 27, 2019","1,284.95","1,284.25","1,286.85","1,283.25",-,0.06%
157,"May 28, 2019","1,294.30","1,301.80","1,304.00","1,292.90",9.02K,0.73%
156,"May 29, 2019","1,297.90","1,295.90","1,302.00","1,295.90",7.41K,0.28%
155,"May 30, 2019","1,304.10","1,296.20","1,305.20","1,290.80",2.12K,0.48%
154,"May 31, 2019","1,322.60","1,304.40","1,323.00","1,304.20",7.20K,1.42%
153,"Jun 03, 2019","1,339.30","1,323.10","1,344.10","1,322.70",5.51K,1.26%
152,"Jun 04, 2019","1,340.10","1,340.90","1,345.20","1,336.10",3.87K,0.06%
151,"Jun 05, 2019","1,344.90","1,341.00","1,360.10","1,341.00",6.83K,0.36%
150,"Jun 06, 2019","1,354.00","1,348.00","1,355.30","1,343.50",2.92K,0.68%
149,"Jun 07, 2019","1,357.40","1,351.40","1,363.80","1,345.80",6.87K,0.25%
148,"Jun 10, 2019","1,340.70","1,351.40","1,353.00","1,340.30",7.98K,-1.23%
147,"Jun 11, 2019","1,342.70","1,343.50","1,344.70","1,335.10",6.58K,0.15%
146,"Jun 12, 2019","1,348.20","1,342.30","1,353.60","1,341.50",10.48K,0.41%
145,"Jun 13, 2019","1,355.10","1,349.00","1,358.00","1,347.60",6.18K,0.51%
144,"Jun 14, 2019","1,355.90","1,357.60","1,373.60","1,352.80",8.50K,0.06%
143,"Jun 17, 2019","1,354.20","1,357.10","1,358.20","1,348.20",4.80K,-0.13%
142,"Jun 18, 2019","1,362.10","1,354.70","1,369.60","1,353.70",5.91K,0.58%
141,"Jun 19, 2019","1,360.10","1,361.40","1,377.60","1,356.50",6.19K,-0.15%
140,"Jun 20, 2019","1,408.30","1,375.20","1,408.90","1,373.30",15.31K,3.54%
139,"Jun 21, 2019","1,411.20","1,403.50","1,425.50","1,398.00",10.98K,0.21%
138,"Jun 24, 2019","1,429.50","1,414.70","1,435.90","1,414.70",8.80K,1.30%
137,"Jun 25, 2019","1,430.10","1,433.20","1,453.70","1,427.00",13.67K,0.04%
136,"Jun 26, 2019","1,426.80","1,438.00","1,438.00","1,416.40",7.75K,-0.23%
135,"Jun 27, 2019","1,423.40","1,423.60","1,426.00","1,412.70",7.37K,-0.24%
134,"Jun 28, 2019","1,425.10","1,424.40","1,439.10","1,420.10",8.76K,0.12%
133,"Jul 01, 2019","1,400.80","1,418.00","1,418.00","1,396.40",14.99K,-1.71%
132,"Jul 02, 2019","1,419.80","1,399.50","1,435.00","1,398.80",33.95K,1.36%
131,"Jul 03, 2019","1,432.90","1,435.50","1,452.60","1,426.60",17.76K,0.92%
130,"Jul 04, 2019","1,423.55","1,421.25","1,426.65","1,412.85",-,-0.65%
129,"Jul 05, 2019","1,412.10","1,434.10","1,437.50","1,400.70",26.07K,-0.80%
128,"Jul 08, 2019","1,412.20","1,412.40","1,421.50","1,406.00",48.89K,0.01%
127,"Jul 09, 2019","1,412.80","1,409.80","1,414.10","1,399.80",31.22K,0.04%
126,"Jul 10, 2019","1,424.90","1,412.20","1,433.30","1,404.40",47.99K,0.86%
125,"Jul 11, 2019","1,419.30","1,433.40","1,441.30","1,415.50",47.27K,-0.39%
124,"Jul 12, 2019","1,424.80","1,418.40","1,431.40","1,417.20",31.10K,0.39%
123,"Jul 15, 2019","1,426.10","1,429.00","1,433.90","1,421.90",13.16K,0.09%
122,"Jul 16, 2019","1,423.60","1,428.80","1,432.40","1,415.00",22.67K,-0.18%
121,"Jul 17, 2019","1,435.90","1,420.60","1,440.80","1,413.70",26.14K,0.86%
120,"Jul 18, 2019","1,440.80","1,441.00","1,462.30","1,428.10",41.23K,0.34%
119,"Jul 19, 2019","1,439.40","1,460.40","1,467.00","1,434.00",44.94K,-0.10%
118,"Jul 22, 2019","1,439.70","1,441.70","1,443.50","1,435.70",31.81K,0.02%
117,"Jul 23, 2019","1,434.50","1,438.40","1,444.00","1,427.50",63.45K,-0.36%
116,"Jul 24, 2019","1,436.50","1,431.00","1,442.90","1,429.40",67.12K,0.14%
115,"Jul 25, 2019","1,427.50","1,439.30","1,447.00","1,423.90",115.82K,-0.63%
114,"Jul 26, 2019","1,432.20","1,427.40","1,437.60","1,425.60",118.10K,0.33%
113,"Jul 29, 2019","1,433.30","1,431.90","1,440.80","1,427.50",174.17K,0.08%
112,"Jul 30, 2019","1,441.80","1,439.50","1,445.70","1,434.80",259.62K,0.59%
111,"Jul 31, 2019","1,437.80","1,443.70","1,447.80","1,422.30",419.58K,-0.28%
110,"Aug 01, 2019","1,432.40","1,425.60","1,458.20","1,412.10",587.56K,-0.38%
109,"Aug 02, 2019","1,457.50","1,457.50","1,461.90","1,442.50",493.05K,1.75%
108,"Aug 05, 2019","1,476.50","1,451.20","1,481.80","1,448.80",534.19K,1.30%
107,"Aug 06, 2019","1,484.20","1,481.10","1,486.80","1,468.20",381.92K,0.52%
106,"Aug 07, 2019","1,519.60","1,486.70","1,522.70","1,484.30",651.55K,2.39%
105,"Aug 08, 2019","1,509.50","1,512.10","1,521.30","1,501.60",402.96K,-0.66%
104,"Aug 09, 2019","1,508.50","1,515.90","1,521.10","1,506.20",332.61K,-0.07%
103,"Aug 12, 2019","1,517.20","1,509.20","1,531.50","1,498.60",355.10K,0.58%
102,"Aug 13, 2019","1,514.10","1,522.30","1,546.10","1,488.90",616.74K,-0.20%
101,"Aug 14, 2019","1,527.80","1,513.00","1,534.90","1,504.50",484.19K,0.90%
100,"Aug 15, 2019","1,531.20","1,526.60","1,537.70","1,518.30",436.12K,0.22%
99,"Aug 16, 2019","1,523.60","1,533.90","1,538.60","1,513.90",322.46K,-0.50%
98,"Aug 19, 2019","1,511.60","1,523.00","1,523.60","1,503.30",295.83K,-0.79%
97,"Aug 20, 2019","1,515.70","1,506.30","1,518.80","1,503.00",247.54K,0.27%
96,"Aug 21, 2019","1,515.70","1,518.40","1,518.40","1,506.50",245.90K,0.00%
95,"Aug 22, 2019","1,508.50","1,512.40","1,514.60","1,502.10",279.41K,-0.48%
94,"Aug 23, 2019","1,537.60","1,508.80","1,540.30","1,503.00",473.00K,1.93%
93,"Aug 26, 2019","1,537.20","1,545.40","1,565.00","1,534.80",411.67K,-0.03%
92,"Aug 27, 2019","1,551.80","1,537.30","1,554.50","1,535.30",347.05K,0.95%
91,"Aug 28, 2019","1,549.10","1,551.80","1,556.60","1,541.40",353.91K,-0.17%
90,"Aug 29, 2019","1,536.90","1,549.40","1,559.80","1,528.60",455.60K,-0.79%
89,"Aug 30, 2019","1,529.40","1,536.90","1,541.90","1,525.60",330.85K,-0.49%
88,"Sep 01, 2019","1,538.05","1,535.25","1,542.90","1,535.25",-,0.57%
87,"Sep 02, 2019","1,535.15","1,537.95","1,540.05","1,528.15",-,-0.19%
86,"Sep 03, 2019","1,555.90","1,535.20","1,558.90","1,528.00",554.83K,1.35%
85,"Sep 04, 2019","1,560.40","1,556.00","1,566.20","1,542.60",412.35K,0.29%
84,"Sep 05, 2019","1,525.50","1,561.40","1,561.90","1,514.30",606.40K,-2.24%
83,"Sep 06, 2019","1,515.50","1,525.60","1,536.20","1,510.70",544.87K,-0.66%
82,"Sep 09, 2019","1,511.10","1,516.40","1,523.80","1,505.50",317.52K,-0.29%
81,"Sep 10, 2019","1,499.20","1,507.00","1,509.10","1,492.10",397.92K,-0.79%
80,"Sep 11, 2019","1,503.20","1,493.90","1,506.20","1,492.90",308.79K,0.27%
79,"Sep 12, 2019","1,507.40","1,504.90","1,532.20","1,496.80",491.47K,0.28%
78,"Sep 13, 2019","1,499.50","1,506.50","1,516.60","1,493.10",364.42K,-0.52%
77,"Sep 16, 2019","1,511.50","1,513.10","1,519.70","1,503.40",349.61K,0.80%
76,"Sep 17, 2019","1,513.40","1,506.50","1,515.00","1,500.90",336.63K,0.13%
75,"Sep 18, 2019","1,515.80","1,509.70","1,519.50","1,490.70",364.96K,0.16%
74,"Sep 19, 2019","1,506.20","1,502.00","1,512.10","1,496.30",291.30K,-0.63%
73,"Sep 20, 2019","1,515.10","1,506.80","1,524.50","1,505.30",284.39K,0.59%
72,"Sep 23, 2019","1,531.50","1,521.50","1,534.40","1,505.30",359.88K,1.08%
71,"Sep 24, 2019","1,540.20","1,529.80","1,543.30","1,517.90",424.86K,0.57%
70,"Sep 25, 2019","1,512.30","1,539.80","1,543.30","1,507.40",481.46K,-1.81%
69,"Sep 26, 2019","1,515.20","1,510.90","1,542.80","1,507.10",378.29K,0.19%
68,"Sep 27, 2019","1,506.40","1,511.80","1,519.50","1,493.30",451.93K,-0.58%
67,"Sep 30, 2019","1,472.90","1,501.70","1,507.20","1,470.50",439.71K,-2.22%
66,"Oct 01, 2019","1,489.00","1,478.00","1,493.50","1,465.00",450.17K,1.09%
65,"Oct 02, 2019","1,507.90","1,485.40","1,511.40","1,480.50",393.10K,1.27%
64,"Oct 03, 2019","1,513.80","1,505.60","1,525.80","1,501.70",408.74K,0.39%
63,"Oct 04, 2019","1,512.90","1,511.60","1,522.20","1,501.40",344.79K,-0.06%
62,"Oct 07, 2019","1,504.40","1,518.60","1,518.80","1,493.30",257.78K,-0.56%
61,"Oct 08, 2019","1,503.90","1,498.70","1,515.30","1,492.10",371.44K,-0.03%
60,"Oct 09, 2019","1,512.80","1,510.90","1,518.00","1,505.10",285.28K,0.59%
59,"Oct 10, 2019","1,500.90","1,510.80","1,522.30","1,495.70",417.88K,-0.79%
58,"Oct 11, 2019","1,488.70","1,498.30","1,508.00","1,478.00",485.96K,-0.81%
57,"Oct 14, 2019","1,497.60","1,492.00","1,501.50","1,487.10",228.32K,0.60%
56,"Oct 15, 2019","1,483.50","1,497.70","1,503.00","1,480.80",317.99K,-0.94%
55,"Oct 16, 2019","1,494.00","1,484.80","1,495.50","1,480.60",367.90K,0.71%
54,"Oct 17, 2019","1,498.30","1,494.20","1,501.10","1,487.00",305.67K,0.29%
53,"Oct 18, 2019","1,494.10","1,495.60","1,497.90","1,488.30",232.55K,-0.28%
52,"Oct 21, 2019","1,488.10","1,495.60","1,498.70","1,484.80",284.29K,-0.40%
51,"Oct 22, 2019","1,487.50","1,487.50","1,492.10","1,484.00",208.97K,-0.04%
50,"Oct 23, 2019","1,495.70","1,491.10","1,499.40","1,490.70",244.62K,0.55%
49,"Oct 24, 2019","1,504.70","1,495.10","1,506.90","1,490.40",305.01K,0.60%
48,"Oct 25, 2019","1,505.30","1,506.40","1,520.90","1,503.10",368.74K,0.04%
47,"Oct 28, 2019","1,495.80","1,507.40","1,510.80","1,492.30",318.13K,-0.63%
46,"Oct 29, 2019","1,490.70","1,494.30","1,497.10","1,485.60",291.98K,-0.34%
45,"Oct 30, 2019","1,496.70","1,490.50","1,499.30","1,483.10",353.64K,0.40%
44,"Oct 31, 2019","1,514.80","1,498.80","1,516.70","1,496.00",390.01K,1.21%
43,"Nov 01, 2019","1,511.40","1,515.10","1,519.00","1,505.40",380.99K,-0.22%
42,"Nov 04, 2019","1,511.10","1,516.40","1,517.10","1,506.50",260.20K,-0.02%
41,"Nov 05, 2019","1,483.70","1,511.60","1,511.90","1,480.70",593.62K,-1.81%
40,"Nov 06, 2019","1,493.10","1,484.30","1,495.90","1,483.80",313.72K,0.63%
39,"Nov 07, 2019","1,466.40","1,492.10","1,493.60","1,461.40",674.98K,-1.79%
38,"Nov 08, 2019","1,462.90","1,469.00","1,473.90","1,457.00",447.07K,-0.24%
37,"Nov 11, 2019","1,457.10","1,460.00","1,467.40","1,448.90",310.16K,-0.40%
36,"Nov 12, 2019","1,460.60","1,463.00","1,468.10","1,453.10",94.34K,0.24%
35,"Nov 13, 2019","1,470.20","1,463.80","1,474.80","1,463.80",43.67K,0.66%
34,"Nov 14, 2019","1,480.20","1,471.70","1,482.20","1,468.70",43.48K,0.68%
33,"Nov 15, 2019","1,475.40","1,478.70","1,478.90","1,469.80",31.13K,-0.32%
32,"Nov 18, 2019","1,478.80","1,475.10","1,481.10","1,463.30",33.19K,0.23%
31,"Nov 19, 2019","1,481.20","1,477.90","1,482.60","1,471.80",35.81K,0.16%
30,"Nov 20, 2019","1,481.00","1,481.40","1,486.00","1,473.00",58.28K,-0.01%
29,"Nov 21, 2019","1,470.50","1,481.30","1,482.70","1,469.40",75.50K,-0.71%
28,"Nov 22, 2019","1,470.50","1,470.90","1,480.30","1,468.10",81.55K,0.00%
27,"Nov 25, 2019","1,463.80","1,467.50","1,468.90","1,460.70",126.74K,-0.46%
26,"Nov 26, 2019","1,467.40","1,461.30","1,470.00","1,456.60",285.63K,0.25%
25,"Nov 27, 2019","1,460.80","1,468.30","1,469.10","1,459.10",232.12K,-0.45%
24,"Nov 28, 2019","1,462.25","1,463.25","1,464.55","1,460.75",-,0.10%
23,"Nov 29, 2019","1,472.70","1,461.20","1,472.90","1,459.10",272.34K,0.71%
22,"Dec 02, 2019","1,469.20","1,470.30","1,471.70","1,459.80",316.58K,-0.24%
21,"Dec 03, 2019","1,484.40","1,468.00","1,487.70","1,465.40",400.90K,1.03%
20,"Dec 04, 2019","1,480.20","1,483.20","1,489.90","1,476.70",319.73K,-0.28%
19,"Dec 05, 2019","1,483.10","1,480.00","1,485.70","1,478.00",240.01K,0.20%
18,"Dec 06, 2019","1,465.10","1,481.00","1,485.30","1,463.30",317.32K,-1.21%
17,"Dec 09, 2019","1,464.90","1,464.10","1,469.80","1,463.00",177.22K,-0.01%
16,"Dec 10, 2019","1,468.10","1,466.30","1,473.70","1,464.20",228.83K,0.22%
15,"Dec 11, 2019","1,475.00","1,468.50","1,483.50","1,466.90",251.73K,0.47%
14,"Dec 12, 2019","1,472.30","1,479.20","1,491.60","1,468.20",409.86K,-0.18%
13,"Dec 13, 2019","1,481.20","1,470.80","1,482.50","1,465.50",356.68K,0.60%
12,"Dec 16, 2019","1,480.50","1,480.00","1,484.50","1,477.40",165.85K,-0.05%
11,"Dec 17, 2019","1,480.60","1,480.60","1,484.90","1,478.40",173.25K,0.01%
10,"Dec 18, 2019","1,478.70","1,480.40","1,483.60","1,474.30",197.97K,-0.13%
9,"Dec 19, 2019","1,484.40","1,479.40","1,485.80","1,477.10",201.19K,0.39%
8,"Dec 20, 2019","1,480.90","1,482.70","1,484.80","1,479.50",140.77K,-0.24%
7,"Dec 23, 2019","1,488.70","1,482.40","1,490.10","1,481.20",162.45K,0.53%
6,"Dec 24, 2019","1,504.80","1,489.80","1,505.00","1,488.10",183.68K,1.08%
5,"Dec 25, 2019","1,504.05","1,504.40","1,504.40","1,502.15",-,-0.05%
4,"Dec 26, 2019","1,514.40","1,503.90","1,517.40","1,502.10",216.61K,0.69%
3,"Dec 27, 2019","1,518.10","1,516.50","1,519.90","1,512.10",204.99K,0.24%
2,"Dec 30, 2019","1,518.60","1,515.90","1,519.10","1,513.50",178.72K,0.03%
1,"Dec 31, 2019","1,523.10","1,517.70","1,529.00","1,517.50",220.85K,0.30%