order,Date,Price,Open,High,Low,Change %
782,"Jan 02, 2017",0.6893,0.6903,0.691,0.689,-0.17%
781,"Jan 03, 2017",0.6895,0.6893,0.6917,0.6875,0.03%
780,"Jan 04, 2017",0.6945,0.6896,0.6953,0.6894,0.73%
779,"Jan 05, 2017",0.7001,0.6946,0.7005,0.6939,0.81%
778,"Jan 06, 2017",0.6946,0.7,0.7008,0.6945,-0.79%
777,"Jan 09, 2017",0.6963,0.6952,0.6976,0.6926,0.24%
776,"Jan 10, 2017",0.6963,0.6963,0.6986,0.6952,0.00%
775,"Jan 11, 2017",0.7008,0.6963,0.7023,0.6939,0.65%
774,"Jan 12, 2017",0.7008,0.7008,0.7035,0.6996,0.00%
773,"Jan 13, 2017",0.7008,0.7008,0.7016,0.6972,0.00%
772,"Jan 16, 2017",0.699,0.7008,0.701,0.6987,-0.26%
771,"Jan 17, 2017",0.7065,0.699,0.7067,0.6989,1.07%
770,"Jan 18, 2017",0.6995,0.7064,0.7066,0.699,-0.99%
769,"Jan 19, 2017",0.7013,0.6994,0.7023,0.6987,0.26%
768,"Jan 20, 2017",0.7016,0.7016,0.7027,0.6987,0.04%
767,"Jan 23, 2017",0.7054,0.7018,0.7056,0.701,0.54%
766,"Jan 24, 2017",0.7036,0.7053,0.7069,0.7032,-0.26%
765,"Jan 25, 2017",0.7077,0.7036,0.7081,0.7033,0.58%
764,"Jan 26, 2017",0.7009,0.7077,0.7087,0.7,-0.96%
763,"Jan 27, 2017",0.6985,0.701,0.7023,0.6979,-0.34%
762,"Jan 30, 2017",0.7037,0.6985,0.7046,0.6984,0.74%
761,"Jan 31, 2017",0.7093,0.7036,0.7107,0.7035,0.80%
760,"Feb 01, 2017",0.7078,0.7101,0.7101,0.7058,-0.21%
759,"Feb 02, 2017",0.7087,0.7078,0.7103,0.7073,0.13%
758,"Feb 03, 2017",0.7105,0.7086,0.7117,0.7064,0.25%
757,"Feb 06, 2017",0.71,0.7104,0.7116,0.7077,-0.07%
756,"Feb 07, 2017",0.7052,0.7099,0.7099,0.7041,-0.68%
755,"Feb 08, 2017",0.7059,0.7051,0.7074,0.7042,0.10%
754,"Feb 09, 2017",0.7039,0.7059,0.7075,0.7038,-0.28%
753,"Feb 10, 2017",0.7032,0.7039,0.7054,0.7027,-0.10%
752,"Feb 13, 2017",0.7021,0.7039,0.7043,0.7013,-0.16%
751,"Feb 14, 2017",0.7037,0.7025,0.7067,0.702,0.23%
750,"Feb 15, 2017",0.7047,0.7037,0.7051,0.7008,0.14%
749,"Feb 16, 2017",0.706,0.7046,0.7061,0.7039,0.18%
748,"Feb 17, 2017",0.7048,0.706,0.7068,0.704,-0.17%
747,"Feb 20, 2017",0.7053,0.7048,0.7058,0.7045,0.07%
746,"Feb 21, 2017",0.7039,0.7047,0.7053,0.7025,-0.20%
745,"Feb 22, 2017",0.7079,0.7042,0.7089,0.7034,0.57%
744,"Feb 23, 2017",0.711,0.708,0.7118,0.7061,0.44%
743,"Feb 24, 2017",0.7117,0.7111,0.7134,0.7097,0.10%
742,"Feb 27, 2017",0.7121,0.7117,0.7144,0.7106,0.06%
741,"Feb 28, 2017",0.7126,0.7123,0.7157,0.7109,0.07%
740,"Mar 01, 2017",0.7097,0.7127,0.7129,0.7084,-0.41%
739,"Mar 02, 2017",0.7078,0.7097,0.7101,0.7069,-0.27%
738,"Mar 03, 2017",0.7093,0.7077,0.7096,0.7056,0.21%
737,"Mar 06, 2017",0.7081,0.7091,0.7101,0.7076,-0.17%
736,"Mar 07, 2017",0.7087,0.7084,0.7098,0.7075,0.08%
735,"Mar 08, 2017",0.7051,0.7086,0.7097,0.7048,-0.51%
734,"Mar 09, 2017",0.7039,0.7052,0.7058,0.7032,-0.17%
733,"Mar 10, 2017",0.7081,0.7042,0.7088,0.7033,0.60%
732,"Mar 13, 2017",0.7071,0.7083,0.7098,0.7066,-0.14%
731,"Mar 14, 2017",0.7065,0.7069,0.7077,0.706,-0.08%
730,"Mar 15, 2017",0.7136,0.7064,0.7138,0.706,1.00%
729,"Mar 16, 2017",0.7136,0.7137,0.7142,0.7111,0.00%
728,"Mar 17, 2017",0.7133,0.7137,0.7143,0.7123,-0.04%
727,"Mar 20, 2017",0.7159,0.7134,0.7167,0.713,0.36%
726,"Mar 21, 2017",0.7146,0.7157,0.7166,0.7138,-0.18%
725,"Mar 22, 2017",0.7153,0.7146,0.7158,0.7127,0.10%
724,"Mar 23, 2017",0.7146,0.7154,0.7156,0.7136,-0.10%
723,"Mar 24, 2017",0.7148,0.7145,0.7165,0.7131,0.03%
722,"Mar 27, 2017",0.7175,0.7146,0.7193,0.7146,0.38%
721,"Mar 28, 2017",0.7153,0.7177,0.7187,0.7152,-0.31%
720,"Mar 29, 2017",0.7172,0.7155,0.7179,0.7149,0.27%
719,"Mar 30, 2017",0.7153,0.7174,0.7179,0.7149,-0.26%
718,"Mar 31, 2017",0.7157,0.7154,0.7166,0.7144,0.06%
717,"Apr 03, 2017",0.7157,0.7156,0.7171,0.7152,0.00%
716,"Apr 04, 2017",0.7151,0.716,0.7166,0.7137,-0.08%
715,"Apr 05, 2017",0.7138,0.7151,0.7157,0.713,-0.18%
714,"Apr 06, 2017",0.7129,0.7139,0.7147,0.7127,-0.13%
713,"Apr 07, 2017",0.7118,0.713,0.7151,0.711,-0.15%
712,"Apr 10, 2017",0.7116,0.7118,0.7121,0.71,-0.03%
711,"Apr 11, 2017",0.7124,0.7117,0.7131,0.7103,0.11%
710,"Apr 12, 2017",0.7168,0.7125,0.7168,0.7118,0.62%
709,"Apr 13, 2017",0.7152,0.7168,0.718,0.7146,-0.22%
708,"Apr 14, 2017",0.7155,0.7151,0.7163,0.7148,0.04%
707,"Apr 17, 2017",0.7153,0.7157,0.7177,0.7149,-0.03%
706,"Apr 18, 2017",0.7164,0.7152,0.7166,0.714,0.15%
705,"Apr 19, 2017",0.715,0.7165,0.7169,0.7147,-0.20%
704,"Apr 20, 2017",0.7154,0.7153,0.7166,0.7147,0.06%
703,"Apr 21, 2017",0.7158,0.7154,0.7164,0.7147,0.06%
702,"Apr 24, 2017",0.718,0.7174,0.7185,0.7166,0.31%
701,"Apr 25, 2017",0.7174,0.7182,0.7193,0.7169,-0.08%
700,"Apr 26, 2017",0.7162,0.7175,0.7186,0.7148,-0.17%
699,"Apr 27, 2017",0.7159,0.7164,0.7174,0.715,-0.04%
698,"Apr 28, 2017",0.7158,0.716,0.7173,0.7153,-0.01%
697,"May 01, 2017",0.7158,0.7157,0.7167,0.7151,0.00%
696,"May 02, 2017",0.7175,0.7161,0.7184,0.7158,0.24%
695,"May 03, 2017",0.7156,0.7174,0.7185,0.7154,-0.26%
694,"May 04, 2017",0.7139,0.7156,0.7161,0.7131,-0.24%
693,"May 05, 2017",0.7118,0.714,0.7144,0.711,-0.29%
692,"May 08, 2017",0.7113,0.7118,0.713,0.7107,-0.07%
691,"May 09, 2017",0.7085,0.7114,0.7117,0.7079,-0.39%
690,"May 10, 2017",0.7089,0.7086,0.7096,0.7081,0.06%
689,"May 11, 2017",0.7106,0.7089,0.7109,0.7078,0.24%
688,"May 12, 2017",0.7121,0.7106,0.7126,0.7094,0.21%
687,"May 15, 2017",0.7155,0.712,0.7157,0.7118,0.48%
686,"May 16, 2017",0.7167,0.7154,0.7175,0.7147,0.17%
685,"May 17, 2017",0.7194,0.7167,0.7197,0.7164,0.38%
684,"May 18, 2017",0.718,0.7195,0.7199,0.7167,-0.19%
683,"May 19, 2017",0.722,0.7181,0.7228,0.7176,0.56%
682,"May 22, 2017",0.7213,0.7212,0.722,0.72,-0.10%
681,"May 23, 2017",0.7192,0.7214,0.7218,0.7188,-0.29%
680,"May 24, 2017",0.7222,0.7192,0.7224,0.7184,0.42%
679,"May 25, 2017",0.7211,0.7221,0.7236,0.7208,-0.15%
678,"May 26, 2017",0.7238,0.7209,0.7242,0.7208,0.37%
677,"May 29, 2017",0.7213,0.7234,0.7236,0.7211,-0.35%
676,"May 30, 2017",0.7223,0.7215,0.7228,0.7202,0.14%
675,"May 31, 2017",0.7229,0.7224,0.7236,0.7211,0.08%
674,"Jun 01, 2017",0.7211,0.7229,0.7232,0.7208,-0.25%
673,"Jun 02, 2017",0.7242,0.7212,0.7245,0.7208,0.43%
672,"Jun 05, 2017",0.7238,0.7244,0.7255,0.7229,-0.06%
671,"Jun 06, 2017",0.7248,0.7239,0.7257,0.7236,0.14%
670,"Jun 07, 2017",0.7234,0.7249,0.7255,0.723,-0.19%
669,"Jun 08, 2017",0.7244,0.7234,0.7246,0.7225,0.14%
668,"Jun 09, 2017",0.7223,0.7242,0.7242,0.7217,-0.29%
667,"Jun 12, 2017",0.7224,0.7224,0.7235,0.7219,0.01%
666,"Jun 13, 2017",0.7241,0.7224,0.7244,0.722,0.24%
665,"Jun 14, 2017",0.727,0.724,0.7296,0.7234,0.40%
664,"Jun 15, 2017",0.7227,0.727,0.7277,0.7223,-0.59%
663,"Jun 16, 2017",0.7228,0.7228,0.7238,0.721,0.01%
662,"Jun 19, 2017",0.7209,0.723,0.7242,0.7206,-0.26%
661,"Jun 20, 2017",0.7198,0.721,0.7219,0.7188,-0.15%
660,"Jun 21, 2017",0.7198,0.7199,0.7206,0.7186,0.00%
659,"Jun 22, 2017",0.7194,0.7198,0.7207,0.7187,-0.06%
658,"Jun 23, 2017",0.7208,0.7194,0.7218,0.7188,0.19%
657,"Jun 26, 2017",0.7205,0.7211,0.7215,0.7198,-0.04%
656,"Jun 27, 2017",0.7208,0.7202,0.7222,0.7198,0.04%
655,"Jun 28, 2017",0.7235,0.721,0.7241,0.7206,0.37%
654,"Jun 29, 2017",0.725,0.7236,0.7255,0.7232,0.21%
653,"Jun 30, 2017",0.7265,0.7252,0.727,0.7248,0.21%
652,"Jul 03, 2017",0.7232,0.7263,0.7269,0.7228,-0.45%
651,"Jul 04, 2017",0.723,0.7234,0.7245,0.7229,-0.03%
650,"Jul 05, 2017",0.7242,0.7231,0.7247,0.7224,0.17%
649,"Jul 06, 2017",0.7235,0.7244,0.7248,0.7225,-0.10%
648,"Jul 07, 2017",0.7236,0.7236,0.7254,0.7228,0.01%
647,"Jul 10, 2017",0.7221,0.7236,0.724,0.7212,-0.21%
646,"Jul 11, 2017",0.7236,0.7221,0.7239,0.7215,0.21%
645,"Jul 12, 2017",0.7259,0.7236,0.7264,0.7234,0.32%
644,"Jul 13, 2017",0.7278,0.726,0.7279,0.7252,0.26%
643,"Jul 14, 2017",0.7291,0.7278,0.7302,0.7261,0.18%
642,"Jul 17, 2017",0.7304,0.7294,0.7317,0.7286,0.18%
641,"Jul 18, 2017",0.7319,0.7302,0.7323,0.7294,0.21%
640,"Jul 19, 2017",0.7308,0.732,0.7327,0.73,-0.15%
639,"Jul 20, 2017",0.7319,0.7308,0.7327,0.7292,0.15%
638,"Jul 21, 2017",0.734,0.7319,0.7346,0.731,0.29%
637,"Jul 24, 2017",0.7342,0.7333,0.7354,0.7332,0.03%
636,"Jul 25, 2017",0.734,0.7342,0.7358,0.7333,-0.03%
635,"Jul 26, 2017",0.7368,0.734,0.7378,0.7329,0.38%
634,"Jul 27, 2017",0.7357,0.7367,0.7384,0.7347,-0.15%
633,"Jul 28, 2017",0.7371,0.7357,0.7374,0.7343,0.19%
632,"Jul 31, 2017",0.7381,0.7369,0.7383,0.736,0.14%
631,"Aug 01, 2017",0.7363,0.738,0.7386,0.7359,-0.24%
630,"Aug 02, 2017",0.7357,0.7365,0.737,0.7345,-0.08%
629,"Aug 03, 2017",0.736,0.7358,0.7366,0.7344,0.04%
628,"Aug 04, 2017",0.7349,0.7359,0.7379,0.734,-0.15%
627,"Aug 07, 2017",0.7339,0.735,0.7358,0.7331,-0.14%
626,"Aug 08, 2017",0.7336,0.7337,0.7356,0.7329,-0.04%
625,"Aug 09, 2017",0.7333,0.7337,0.7343,0.7327,-0.04%
624,"Aug 10, 2017",0.7335,0.7333,0.7345,0.7323,0.03%
623,"Aug 11, 2017",0.7349,0.7333,0.7359,0.7329,0.19%
622,"Aug 14, 2017",0.7339,0.7349,0.7359,0.7335,-0.14%
621,"Aug 15, 2017",0.7312,0.7339,0.7346,0.7307,-0.37%
620,"Aug 16, 2017",0.734,0.7316,0.7343,0.7304,0.38%
619,"Aug 17, 2017",0.7318,0.7339,0.7343,0.7313,-0.30%
618,"Aug 18, 2017",0.7337,0.7318,0.7341,0.7311,0.26%
617,"Aug 21, 2017",0.7349,0.7337,0.7355,0.733,0.16%
616,"Aug 22, 2017",0.734,0.7346,0.7354,0.7336,-0.12%
615,"Aug 23, 2017",0.7348,0.734,0.7353,0.7332,0.11%
614,"Aug 24, 2017",0.7342,0.7349,0.7353,0.7337,-0.08%
613,"Aug 25, 2017",0.7378,0.7343,0.738,0.734,0.49%
612,"Aug 28, 2017",0.7387,0.7378,0.7392,0.7369,0.12%
611,"Aug 29, 2017",0.7379,0.7388,0.7405,0.7371,-0.11%
610,"Aug 30, 2017",0.7361,0.738,0.7388,0.7358,-0.24%
609,"Aug 31, 2017",0.7376,0.7365,0.7378,0.7347,0.20%
608,"Sep 01, 2017",0.7367,0.7377,0.7405,0.736,-0.12%
607,"Sep 04, 2017",0.737,0.7366,0.7376,0.736,0.04%
606,"Sep 05, 2017",0.7392,0.7368,0.74,0.7365,0.30%
605,"Sep 06, 2017",0.7407,0.7391,0.7419,0.7386,0.20%
604,"Sep 07, 2017",0.7464,0.7406,0.7465,0.7401,0.77%
603,"Sep 08, 2017",0.745,0.7461,0.7493,0.7446,-0.19%
602,"Sep 11, 2017",0.7425,0.7456,0.7457,0.7422,-0.34%
601,"Sep 12, 2017",0.742,0.7426,0.7443,0.7418,-0.07%
600,"Sep 13, 2017",0.7405,0.7423,0.7441,0.7399,-0.20%
599,"Sep 14, 2017",0.7425,0.7402,0.7429,0.7386,0.27%
598,"Sep 15, 2017",0.7433,0.7428,0.745,0.7418,0.11%
597,"Sep 18, 2017",0.7419,0.7433,0.745,0.7409,-0.19%
596,"Sep 19, 2017",0.7426,0.742,0.7432,0.7409,0.09%
595,"Sep 20, 2017",0.7415,0.7423,0.7461,0.7397,-0.15%
594,"Sep 21, 2017",0.7409,0.7413,0.7416,0.7388,-0.08%
593,"Sep 22, 2017",0.743,0.7409,0.7446,0.7403,0.28%
592,"Sep 25, 2017",0.7402,0.7429,0.7432,0.7397,-0.38%
591,"Sep 26, 2017",0.7383,0.7399,0.7407,0.7366,-0.26%
590,"Sep 27, 2017",0.7356,0.7382,0.7385,0.7349,-0.37%
589,"Sep 28, 2017",0.7365,0.7355,0.7368,0.7328,0.12%
588,"Sep 29, 2017",0.7367,0.7363,0.7378,0.7357,0.03%
587,"Oct 02, 2017",0.7345,0.7367,0.7369,0.7337,-0.30%
586,"Oct 03, 2017",0.7343,0.7343,0.7349,0.7318,-0.03%
585,"Oct 04, 2017",0.7347,0.7341,0.7362,0.7339,0.05%
584,"Oct 05, 2017",0.733,0.7345,0.7348,0.7326,-0.23%
583,"Oct 06, 2017",0.7328,0.733,0.7334,0.7303,-0.03%
582,"Oct 09, 2017",0.7333,0.7323,0.734,0.732,0.07%
581,"Oct 10, 2017",0.7373,0.7336,0.7381,0.7331,0.55%
580,"Oct 11, 2017",0.7383,0.7373,0.7389,0.7362,0.14%
579,"Oct 12, 2017",0.7394,0.7383,0.7402,0.7378,0.15%
578,"Oct 13, 2017",0.7412,0.7394,0.7414,0.737,0.24%
577,"Oct 16, 2017",0.74,0.7411,0.7411,0.739,-0.16%
576,"Oct 17, 2017",0.7376,0.74,0.7402,0.7364,-0.32%
575,"Oct 18, 2017",0.737,0.7377,0.7387,0.7359,-0.08%
574,"Oct 19, 2017",0.7371,0.737,0.7378,0.7353,0.01%
573,"Oct 20, 2017",0.7346,0.7371,0.7375,0.7343,-0.34%
572,"Oct 23, 2017",0.7342,0.7344,0.7349,0.7333,-0.05%
571,"Oct 24, 2017",0.7338,0.7342,0.7358,0.7337,-0.05%
570,"Oct 25, 2017",0.735,0.7339,0.7353,0.7331,0.16%
569,"Oct 26, 2017",0.7315,0.735,0.7359,0.731,-0.48%
568,"Oct 27, 2017",0.7323,0.7313,0.7329,0.729,0.11%
567,"Oct 30, 2017",0.7349,0.7323,0.7352,0.7318,0.36%
566,"Oct 31, 2017",0.7338,0.7349,0.7355,0.7332,-0.15%
565,"Nov 01, 2017",0.7348,0.7339,0.7359,0.7329,0.14%
564,"Nov 02, 2017",0.7358,0.7348,0.737,0.7343,0.14%
563,"Nov 03, 2017",0.7327,0.7358,0.736,0.7325,-0.42%
562,"Nov 06, 2017",0.7345,0.7327,0.7346,0.732,0.25%
561,"Nov 07, 2017",0.7331,0.7345,0.7347,0.7324,-0.19%
560,"Nov 08, 2017",0.7343,0.7331,0.7347,0.7326,0.16%
559,"Nov 09, 2017",0.7358,0.7343,0.7362,0.7336,0.20%
558,"Nov 10, 2017",0.7351,0.7359,0.7364,0.7347,-0.10%
557,"Nov 13, 2017",0.7343,0.7353,0.7353,0.7339,-0.11%
556,"Nov 14, 2017",0.7358,0.7342,0.7361,0.7336,0.20%
555,"Nov 15, 2017",0.7372,0.7359,0.7391,0.7352,0.19%
554,"Nov 16, 2017",0.7372,0.7371,0.738,0.7365,0.00%
553,"Nov 17, 2017",0.7378,0.7373,0.739,0.7363,0.08%
552,"Nov 20, 2017",0.7369,0.7378,0.7382,0.7362,-0.12%
551,"Nov 21, 2017",0.7383,0.7369,0.739,0.7363,0.19%
550,"Nov 22, 2017",0.7424,0.7384,0.7426,0.7378,0.56%
549,"Nov 23, 2017",0.7433,0.7423,0.7435,0.7414,0.12%
548,"Nov 24, 2017",0.7433,0.7434,0.7436,0.7419,0.00%
547,"Nov 27, 2017",0.7426,0.743,0.7444,0.7418,-0.09%
546,"Nov 28, 2017",0.7429,0.7426,0.7441,0.7419,0.04%
545,"Nov 29, 2017",0.7423,0.7429,0.744,0.7419,-0.08%
544,"Nov 30, 2017",0.7415,0.7423,0.7429,0.7402,-0.11%
543,"Dec 01, 2017",0.7425,0.7417,0.7453,0.7409,0.13%
542,"Dec 04, 2017",0.742,0.7426,0.743,0.7409,-0.07%
541,"Dec 05, 2017",0.7422,0.7421,0.7433,0.7417,0.03%
540,"Dec 06, 2017",0.7412,0.7423,0.7427,0.7407,-0.13%
539,"Dec 07, 2017",0.7399,0.7412,0.7419,0.7397,-0.18%
538,"Dec 08, 2017",0.7395,0.7398,0.7402,0.7385,-0.05%
537,"Dec 11, 2017",0.7399,0.7393,0.7407,0.7389,0.05%
536,"Dec 12, 2017",0.7396,0.7399,0.7406,0.7386,-0.04%
535,"Dec 13, 2017",0.7427,0.7396,0.7429,0.7389,0.42%
534,"Dec 14, 2017",0.743,0.7426,0.744,0.7415,0.04%
533,"Dec 15, 2017",0.7416,0.7432,0.7433,0.7413,-0.19%
532,"Dec 18, 2017",0.7422,0.7414,0.7427,0.7408,0.08%
531,"Dec 19, 2017",0.7426,0.7422,0.7428,0.7414,0.05%
530,"Dec 20, 2017",0.744,0.7428,0.7444,0.742,0.19%
529,"Dec 21, 2017",0.7442,0.7442,0.7447,0.743,0.03%
528,"Dec 22, 2017",0.744,0.7444,0.7444,0.7433,-0.03%
527,"Dec 25, 2017",0.744,0.744,0.7446,0.7437,0.00%
526,"Dec 26, 2017",0.7444,0.744,0.7446,0.7436,0.05%
525,"Dec 27, 2017",0.7463,0.7443,0.747,0.744,0.26%
524,"Dec 28, 2017",0.7476,0.7463,0.7479,0.7456,0.17%
523,"Dec 29, 2017",0.7477,0.7475,0.7487,0.7469,0.01%
522,"Jan 01, 2018",0.748,0.7478,0.748,0.7476,0.04%
521,"Jan 02, 2018",0.7523,0.748,0.7532,0.7477,0.57%
520,"Jan 03, 2018",0.7519,0.7522,0.7529,0.7512,-0.05%
519,"Jan 04, 2018",0.753,0.7524,0.7538,0.751,0.15%
518,"Jan 05, 2018",0.7538,0.7534,0.7547,0.7529,0.11%
517,"Jan 08, 2018",0.7504,0.7536,0.7543,0.7501,-0.45%
516,"Jan 09, 2018",0.7489,0.7504,0.7516,0.7479,-0.20%
515,"Jan 10, 2018",0.7494,0.7488,0.7516,0.7479,0.07%
514,"Jan 11, 2018",0.7522,0.7493,0.7523,0.7487,0.37%
513,"Jan 12, 2018",0.7545,0.7522,0.7546,0.7517,0.31%
512,"Jan 15, 2018",0.7569,0.7559,0.7578,0.7546,0.32%
511,"Jan 16, 2018",0.7571,0.7568,0.7579,0.7548,0.03%
510,"Jan 17, 2018",0.755,0.7572,0.7585,0.7543,-0.28%
509,"Jan 18, 2018",0.7571,0.755,0.7574,0.7531,0.28%
508,"Jan 19, 2018",0.7571,0.7571,0.7591,0.7567,0.00%
507,"Jan 22, 2018",0.7581,0.7574,0.7584,0.7561,0.13%
506,"Jan 23, 2018",0.7592,0.7582,0.7594,0.7571,0.15%
505,"Jan 24, 2018",0.765,0.7592,0.7651,0.7589,0.76%
504,"Jan 25, 2018",0.7632,0.7651,0.7689,0.7618,-0.24%
503,"Jan 26, 2018",0.7647,0.7629,0.7668,0.7618,0.20%
502,"Jan 29, 2018",0.7632,0.7652,0.7658,0.7617,-0.20%
501,"Jan 30, 2018",0.7624,0.7631,0.7643,0.7603,-0.10%
500,"Jan 31, 2018",0.7621,0.7627,0.7651,0.7611,-0.04%
499,"Feb 01, 2018",0.7644,0.7621,0.7648,0.7609,0.30%
498,"Feb 02, 2018",0.7579,0.7643,0.7647,0.7574,-0.85%
497,"Feb 05, 2018",0.7565,0.7578,0.76,0.7563,-0.18%
496,"Feb 06, 2018",0.7582,0.7565,0.7583,0.7552,0.22%
495,"Feb 07, 2018",0.7546,0.7581,0.7595,0.7543,-0.47%
494,"Feb 08, 2018",0.7511,0.7546,0.7557,0.7506,-0.46%
493,"Feb 09, 2018",0.752,0.7512,0.7531,0.7494,0.12%
492,"Feb 12, 2018",0.7558,0.7514,0.756,0.7514,0.51%
491,"Feb 13, 2018",0.7561,0.756,0.7573,0.7546,0.04%
490,"Feb 14, 2018",0.761,0.756,0.7611,0.7543,0.65%
489,"Feb 15, 2018",0.7638,0.761,0.7643,0.7601,0.37%
488,"Feb 16, 2018",0.7622,0.7638,0.7659,0.7613,-0.21%
487,"Feb 19, 2018",0.7613,0.7622,0.7632,0.7603,-0.12%
486,"Feb 20, 2018",0.7582,0.7613,0.7615,0.7573,-0.41%
485,"Feb 21, 2018",0.7554,0.7583,0.7595,0.7553,-0.37%
484,"Feb 22, 2018",0.7581,0.7554,0.7591,0.7542,0.36%
483,"Feb 23, 2018",0.7578,0.7581,0.7591,0.7549,-0.04%
482,"Feb 26, 2018",0.76,0.7579,0.7608,0.7568,0.29%
481,"Feb 27, 2018",0.7551,0.7599,0.7608,0.7549,-0.64%
480,"Feb 28, 2018",0.7548,0.7551,0.7563,0.7539,-0.04%
479,"Mar 01, 2018",0.7559,0.7549,0.7562,0.7528,0.15%
478,"Mar 02, 2018",0.7578,0.7559,0.7585,0.7558,0.25%
477,"Mar 05, 2018",0.7584,0.7578,0.7588,0.7566,0.08%
476,"Mar 06, 2018",0.7598,0.7585,0.7605,0.7574,0.18%
475,"Mar 07, 2018",0.761,0.7599,0.7613,0.7582,0.16%
474,"Mar 08, 2018",0.759,0.761,0.7614,0.7584,-0.26%
473,"Mar 09, 2018",0.7594,0.759,0.7608,0.7578,0.05%
472,"Mar 12, 2018",0.7617,0.76,0.7623,0.7593,0.30%
471,"Mar 13, 2018",0.7621,0.7614,0.7637,0.7607,0.05%
470,"Mar 14, 2018",0.7638,0.7623,0.7645,0.7618,0.22%
469,"Mar 15, 2018",0.7613,0.7639,0.7642,0.7607,-0.33%
468,"Mar 16, 2018",0.759,0.7613,0.7624,0.7583,-0.30%
467,"Mar 19, 2018",0.7592,0.759,0.7604,0.7579,0.03%
466,"Mar 20, 2018",0.7581,0.7592,0.7609,0.7578,-0.14%
465,"Mar 21, 2018",0.7619,0.7582,0.7623,0.758,0.50%
464,"Mar 22, 2018",0.7591,0.7619,0.7627,0.7588,-0.37%
463,"Mar 23, 2018",0.7602,0.7591,0.7618,0.7589,0.14%
462,"Mar 26, 2018",0.7641,0.7609,0.7643,0.7602,0.51%
461,"Mar 27, 2018",0.7632,0.764,0.7661,0.763,-0.12%
460,"Mar 28, 2018",0.7622,0.7632,0.7651,0.7617,-0.13%
459,"Mar 29, 2018",0.7624,0.7623,0.7636,0.7611,0.03%
458,"Mar 30, 2018",0.7629,0.7629,0.7637,0.7622,0.07%
457,"Apr 02, 2018",0.762,0.7629,0.7639,0.7615,-0.12%
456,"Apr 03, 2018",0.7624,0.762,0.7642,0.7616,0.05%
455,"Apr 04, 2018",0.7621,0.7624,0.7637,0.7601,-0.04%
454,"Apr 05, 2018",0.7598,0.7621,0.7625,0.7592,-0.30%
453,"Apr 06, 2018",0.7601,0.7599,0.7604,0.7575,0.04%
452,"Apr 09, 2018",0.7624,0.76,0.7628,0.7593,0.30%
451,"Apr 10, 2018",0.7638,0.7624,0.764,0.7621,0.18%
450,"Apr 11, 2018",0.7639,0.7639,0.7649,0.7632,0.01%
449,"Apr 12, 2018",0.7619,0.7642,0.7648,0.7614,-0.26%
448,"Apr 13, 2018",0.7621,0.7619,0.7646,0.7616,0.03%
447,"Apr 16, 2018",0.7632,0.7621,0.7633,0.7612,0.14%
446,"Apr 17, 2018",0.7625,0.7632,0.7644,0.7621,-0.09%
445,"Apr 18, 2018",0.7634,0.7627,0.764,0.7623,0.12%
444,"Apr 19, 2018",0.7624,0.7632,0.7641,0.762,-0.13%
443,"Apr 20, 2018",0.76,0.7627,0.7631,0.759,-0.31%
442,"Apr 23, 2018",0.7544,0.7596,0.7599,0.7539,-0.74%
441,"Apr 24, 2018",0.7562,0.7545,0.7567,0.7532,0.24%
440,"Apr 25, 2018",0.7526,0.7564,0.7568,0.7521,-0.48%
439,"Apr 26, 2018",0.7529,0.7528,0.7553,0.7524,0.04%
438,"Apr 27, 2018",0.7554,0.753,0.7558,0.7524,0.33%
437,"Apr 30, 2018",0.7542,0.7554,0.7561,0.7537,-0.16%
436,"May 01, 2018",0.75,0.7542,0.7544,0.7494,-0.56%
435,"May 02, 2018",0.7482,0.75,0.751,0.7478,-0.24%
434,"May 03, 2018",0.7514,0.7482,0.752,0.748,0.43%
433,"May 04, 2018",0.7498,0.7513,0.7526,0.7484,-0.21%
432,"May 07, 2018",0.7489,0.7499,0.751,0.7477,-0.12%
431,"May 08, 2018",0.7463,0.7485,0.7498,0.7453,-0.35%
430,"May 09, 2018",0.7429,0.7461,0.7468,0.7427,-0.46%
429,"May 10, 2018",0.7477,0.7429,0.7484,0.7412,0.65%
428,"May 11, 2018",0.7483,0.7478,0.7503,0.747,0.08%
427,"May 14, 2018",0.7485,0.7486,0.7514,0.7483,0.03%
426,"May 15, 2018",0.7437,0.7484,0.749,0.7429,-0.64%
425,"May 16, 2018",0.746,0.7437,0.747,0.743,0.31%
424,"May 17, 2018",0.745,0.746,0.7479,0.7442,-0.13%
423,"May 18, 2018",0.7447,0.745,0.7458,0.7429,-0.04%
422,"May 21, 2018",0.7463,0.7441,0.7466,0.7423,0.21%
421,"May 22, 2018",0.7468,0.746,0.7487,0.7452,0.07%
420,"May 23, 2018",0.7444,0.7467,0.747,0.7425,-0.32%
419,"May 24, 2018",0.7468,0.7442,0.7472,0.7432,0.32%
418,"May 25, 2018",0.7453,0.7467,0.7478,0.745,-0.20%
417,"May 28, 2018",0.7448,0.7446,0.7475,0.7445,-0.07%
416,"May 29, 2018",0.743,0.7447,0.745,0.7415,-0.24%
415,"May 30, 2018",0.7468,0.743,0.7472,0.7422,0.51%
414,"May 31, 2018",0.7476,0.747,0.7486,0.7457,0.11%
413,"Jun 01, 2018",0.7471,0.7474,0.7481,0.746,-0.07%
412,"Jun 04, 2018",0.7481,0.7466,0.75,0.7464,0.13%
411,"Jun 05, 2018",0.7492,0.7481,0.7499,0.7478,0.15%
410,"Jun 06, 2018",0.7504,0.7492,0.751,0.749,0.16%
409,"Jun 07, 2018",0.7498,0.7503,0.7516,0.7494,-0.08%
408,"Jun 08, 2018",0.749,0.7497,0.7502,0.7478,-0.11%
407,"Jun 11, 2018",0.7491,0.7489,0.75,0.7483,0.01%
406,"Jun 12, 2018",0.7481,0.7494,0.7503,0.7475,-0.13%
405,"Jun 13, 2018",0.7488,0.748,0.7494,0.7466,0.09%
404,"Jun 14, 2018",0.7435,0.749,0.7502,0.7433,-0.71%
403,"Jun 15, 2018",0.7402,0.7436,0.7447,0.7397,-0.44%
402,"Jun 18, 2018",0.7399,0.7404,0.7412,0.7389,-0.04%
401,"Jun 19, 2018",0.7369,0.7399,0.7408,0.7352,-0.41%
400,"Jun 20, 2018",0.736,0.7369,0.738,0.7358,-0.12%
399,"Jun 21, 2018",0.7362,0.7359,0.7371,0.733,0.03%
398,"Jun 22, 2018",0.7362,0.7362,0.7389,0.7353,0.00%
397,"Jun 25, 2018",0.7341,0.7362,0.7366,0.7323,-0.29%
396,"Jun 26, 2018",0.7337,0.7341,0.7359,0.733,-0.05%
395,"Jun 27, 2018",0.7313,0.7336,0.7345,0.7306,-0.33%
394,"Jun 28, 2018",0.7311,0.7316,0.7322,0.7296,-0.03%
393,"Jun 29, 2018",0.7338,0.7311,0.7342,0.7306,0.37%
392,"Jul 02, 2018",0.7304,0.7338,0.734,0.729,-0.46%
391,"Jul 03, 2018",0.7327,0.7304,0.733,0.7275,0.31%
390,"Jul 04, 2018",0.7327,0.7327,0.7349,0.732,0.00%
389,"Jul 05, 2018",0.7328,0.7323,0.7339,0.7311,0.01%
388,"Jul 06, 2018",0.7368,0.7328,0.7369,0.7319,0.55%
387,"Jul 09, 2018",0.737,0.7361,0.7392,0.7359,0.03%
386,"Jul 10, 2018",0.7368,0.7371,0.7392,0.736,-0.03%
385,"Jul 11, 2018",0.733,0.7369,0.737,0.7329,-0.52%
384,"Jul 12, 2018",0.7336,0.733,0.735,0.7325,0.08%
383,"Jul 13, 2018",0.7322,0.7336,0.7345,0.7304,-0.19%
382,"Jul 16, 2018",0.7341,0.7325,0.7349,0.7319,0.26%
381,"Jul 17, 2018",0.7327,0.7345,0.736,0.7322,-0.19%
380,"Jul 18, 2018",0.7325,0.7329,0.7333,0.73,-0.03%
379,"Jul 19, 2018",0.7295,0.7325,0.733,0.7275,-0.41%
378,"Jul 20, 2018",0.7339,0.7295,0.7345,0.7278,0.60%
377,"Jul 23, 2018",0.7325,0.7339,0.7357,0.7317,-0.19%
376,"Jul 24, 2018",0.7331,0.7326,0.7342,0.7308,0.08%
375,"Jul 25, 2018",0.7361,0.7331,0.7362,0.7322,0.41%
374,"Jul 26, 2018",0.7333,0.7361,0.737,0.7329,-0.38%
373,"Jul 27, 2018",0.7342,0.7335,0.7352,0.7327,0.12%
372,"Jul 30, 2018",0.7346,0.7343,0.7352,0.7333,0.05%
371,"Jul 31, 2018",0.7345,0.7348,0.7354,0.7336,-0.01%
370,"Aug 01, 2018",0.7343,0.7343,0.7349,0.7337,-0.03%
369,"Aug 02, 2018",0.7306,0.7343,0.7345,0.7301,-0.50%
368,"Aug 03, 2018",0.7318,0.7307,0.733,0.7292,0.16%
367,"Aug 06, 2018",0.7309,0.7318,0.7327,0.7302,-0.12%
366,"Aug 07, 2018",0.7329,0.731,0.7336,0.73,0.27%
365,"Aug 08, 2018",0.7339,0.733,0.7341,0.732,0.14%
364,"Aug 09, 2018",0.7311,0.7339,0.7344,0.7308,-0.38%
363,"Aug 10, 2018",0.7281,0.7309,0.732,0.7276,-0.41%
362,"Aug 13, 2018",0.7269,0.7284,0.7291,0.7259,-0.16%
361,"Aug 14, 2018",0.7257,0.7268,0.7289,0.7249,-0.17%
360,"Aug 15, 2018",0.7246,0.7258,0.726,0.7236,-0.15%
359,"Aug 16, 2018",0.7268,0.7245,0.7281,0.7242,0.30%
358,"Aug 17, 2018",0.7295,0.7271,0.7296,0.7265,0.37%
357,"Aug 20, 2018",0.7304,0.7291,0.7305,0.7284,0.12%
356,"Aug 21, 2018",0.7321,0.7302,0.7329,0.7301,0.23%
355,"Aug 22, 2018",0.7318,0.7321,0.7327,0.731,-0.04%
354,"Aug 23, 2018",0.7278,0.7319,0.732,0.7274,-0.55%
353,"Aug 24, 2018",0.7322,0.7278,0.7329,0.7276,0.60%
352,"Aug 27, 2018",0.734,0.7327,0.7343,0.7315,0.25%
351,"Aug 28, 2018",0.7331,0.7341,0.7351,0.7329,-0.12%
350,"Aug 29, 2018",0.7329,0.733,0.7338,0.731,-0.03%
349,"Aug 30, 2018",0.7312,0.7329,0.7331,0.7307,-0.23%
348,"Aug 31, 2018",0.7288,0.7311,0.7319,0.7284,-0.33%
347,"Sep 03, 2018",0.729,0.7288,0.7304,0.7282,0.03%
346,"Sep 04, 2018",0.7267,0.7292,0.7292,0.7255,-0.32%
345,"Sep 05, 2018",0.7268,0.727,0.7276,0.724,0.01%
344,"Sep 06, 2018",0.7276,0.7272,0.7279,0.7253,0.11%
343,"Sep 07, 2018",0.7252,0.7276,0.7278,0.7248,-0.33%
342,"Sep 10, 2018",0.7253,0.7253,0.7257,0.7237,0.01%
341,"Sep 11, 2018",0.727,0.7254,0.7276,0.7242,0.23%
340,"Sep 12, 2018",0.7289,0.7272,0.7292,0.7258,0.26%
339,"Sep 13, 2018",0.7298,0.7288,0.7312,0.7282,0.12%
338,"Sep 14, 2018",0.7277,0.7297,0.7313,0.7274,-0.29%
337,"Sep 17, 2018",0.7288,0.7278,0.7298,0.7269,0.15%
336,"Sep 18, 2018",0.7295,0.7289,0.7306,0.7269,0.10%
335,"Sep 19, 2018",0.7305,0.7296,0.7309,0.7288,0.14%
334,"Sep 20, 2018",0.7328,0.7304,0.7331,0.73,0.31%
333,"Sep 21, 2018",0.733,0.7329,0.7347,0.732,0.03%
332,"Sep 24, 2018",0.7321,0.7329,0.7333,0.7312,-0.12%
331,"Sep 25, 2018",0.7321,0.7321,0.7328,0.7315,0.00%
330,"Sep 26, 2018",0.7323,0.7321,0.7342,0.7317,0.03%
329,"Sep 27, 2018",0.731,0.7324,0.7331,0.7308,-0.18%
328,"Sep 28, 2018",0.7318,0.7309,0.7321,0.7306,0.11%
327,"Oct 01, 2018",0.729,0.7317,0.7317,0.7288,-0.38%
326,"Oct 02, 2018",0.7283,0.729,0.7291,0.7262,-0.10%
325,"Oct 03, 2018",0.7248,0.7285,0.7289,0.7247,-0.48%
324,"Oct 04, 2018",0.7241,0.7248,0.7257,0.723,-0.10%
323,"Oct 05, 2018",0.7231,0.7241,0.7248,0.7227,-0.14%
322,"Oct 08, 2018",0.7228,0.7231,0.7237,0.721,-0.04%
321,"Oct 09, 2018",0.7234,0.7228,0.7236,0.7208,0.08%
320,"Oct 10, 2018",0.7228,0.7231,0.7249,0.7226,-0.08%
319,"Oct 11, 2018",0.7266,0.7228,0.7267,0.7225,0.53%
318,"Oct 12, 2018",0.7258,0.7267,0.7284,0.7255,-0.11%
317,"Oct 15, 2018",0.7264,0.7258,0.7272,0.7248,0.08%
316,"Oct 16, 2018",0.7272,0.7265,0.7285,0.7256,0.11%
315,"Oct 17, 2018",0.7257,0.7271,0.7284,0.7254,-0.21%
314,"Oct 18, 2018",0.7237,0.7256,0.7261,0.7236,-0.28%
313,"Oct 19, 2018",0.7258,0.7237,0.7267,0.7235,0.29%
312,"Oct 22, 2018",0.7246,0.726,0.7267,0.7242,-0.17%
311,"Oct 23, 2018",0.7255,0.7247,0.7259,0.7238,0.12%
310,"Oct 24, 2018",0.7242,0.7255,0.7262,0.7237,-0.18%
309,"Oct 25, 2018",0.7242,0.7239,0.7255,0.7236,0.00%
308,"Oct 26, 2018",0.7247,0.7242,0.7249,0.722,0.07%
307,"Oct 29, 2018",0.7227,0.7248,0.7249,0.7226,-0.28%
306,"Oct 30, 2018",0.722,0.7228,0.7236,0.7218,-0.10%
305,"Oct 31, 2018",0.7217,0.722,0.7223,0.7207,-0.04%
304,"Nov 01, 2018",0.7266,0.7218,0.7269,0.7212,0.68%
303,"Nov 02, 2018",0.7273,0.7265,0.7298,0.7258,0.10%
302,"Nov 05, 2018",0.7272,0.7274,0.729,0.7261,-0.01%
301,"Nov 06, 2018",0.7281,0.7274,0.7284,0.7268,0.12%
300,"Nov 07, 2018",0.7289,0.728,0.7308,0.7266,0.11%
299,"Nov 08, 2018",0.7269,0.7289,0.7302,0.7268,-0.27%
298,"Nov 09, 2018",0.7251,0.7269,0.7275,0.7247,-0.25%
297,"Nov 12, 2018",0.7223,0.7253,0.7256,0.7218,-0.39%
296,"Nov 13, 2018",0.7251,0.7225,0.7252,0.7217,0.39%
295,"Nov 14, 2018",0.7251,0.7249,0.7266,0.7234,0.00%
294,"Nov 15, 2018",0.7274,0.7251,0.7278,0.7248,0.32%
293,"Nov 16, 2018",0.7287,0.7272,0.7292,0.7262,0.18%
292,"Nov 19, 2018",0.729,0.7286,0.7294,0.7275,0.04%
291,"Nov 20, 2018",0.7274,0.7286,0.7298,0.7269,-0.22%
290,"Nov 21, 2018",0.7285,0.7276,0.7292,0.7264,0.15%
289,"Nov 22, 2018",0.7282,0.7286,0.7288,0.7277,-0.04%
288,"Nov 23, 2018",0.7273,0.7285,0.7288,0.7267,-0.12%
287,"Nov 26, 2018",0.727,0.7272,0.7286,0.7268,-0.04%
286,"Nov 27, 2018",0.7258,0.7275,0.7278,0.7247,-0.17%
285,"Nov 28, 2018",0.7284,0.7258,0.7292,0.7251,0.36%
284,"Nov 29, 2018",0.7297,0.7285,0.7305,0.7279,0.18%
283,"Nov 30, 2018",0.7288,0.7298,0.73,0.728,-0.12%
282,"Dec 03, 2018",0.7313,0.7297,0.7323,0.7296,0.34%
281,"Dec 04, 2018",0.7326,0.7318,0.7339,0.7309,0.18%
280,"Dec 05, 2018",0.7316,0.7325,0.7327,0.7306,-0.14%
279,"Dec 06, 2018",0.7302,0.7317,0.7318,0.7287,-0.19%
278,"Dec 07, 2018",0.7298,0.7305,0.731,0.7294,-0.05%
277,"Dec 10, 2018",0.7276,0.7299,0.7306,0.7271,-0.30%
276,"Dec 11, 2018",0.728,0.7276,0.729,0.7269,0.05%
275,"Dec 12, 2018",0.7287,0.728,0.7296,0.7272,0.10%
274,"Dec 13, 2018",0.7292,0.7285,0.7301,0.7284,0.07%
273,"Dec 14, 2018",0.7262,0.7294,0.7294,0.7258,-0.41%
272,"Dec 17, 2018",0.7284,0.7263,0.7286,0.7259,0.30%
271,"Dec 18, 2018",0.7298,0.7285,0.7301,0.7281,0.19%
270,"Dec 19, 2018",0.7287,0.7298,0.7311,0.7281,-0.15%
269,"Dec 20, 2018",0.7296,0.7286,0.7317,0.7281,0.12%
268,"Dec 21, 2018",0.7278,0.7296,0.7309,0.7269,-0.25%
267,"Dec 24, 2018",0.7281,0.728,0.7296,0.7275,0.04%
266,"Dec 25, 2018",0.7283,0.7278,0.7289,0.7278,0.03%
265,"Dec 26, 2018",0.7289,0.7281,0.7298,0.728,0.08%
264,"Dec 27, 2018",0.7296,0.7287,0.7298,0.7278,0.10%
263,"Dec 28, 2018",0.7319,0.7295,0.7326,0.7291,0.32%
262,"Dec 31, 2018",0.7337,0.7318,0.7345,0.7314,0.25%
261,"Jan 01, 2019",0.7335,0.7337,0.7341,0.7322,-0.03%
260,"Jan 02, 2019",0.7318,0.7336,0.7339,0.7316,-0.23%
259,"Jan 03, 2019",0.7332,0.7319,0.7338,0.7311,0.19%
258,"Jan 04, 2019",0.7357,0.7332,0.7361,0.7325,0.34%
257,"Jan 07, 2019",0.7372,0.7356,0.738,0.7355,0.20%
256,"Jan 08, 2019",0.7363,0.7372,0.738,0.7356,-0.12%
255,"Jan 09, 2019",0.7389,0.7363,0.7393,0.7362,0.35%
254,"Jan 10, 2019",0.7394,0.7389,0.7408,0.738,0.07%
253,"Jan 11, 2019",0.739,0.7396,0.741,0.7385,-0.05%
252,"Jan 14, 2019",0.7388,0.7391,0.7399,0.7376,-0.03%
251,"Jan 15, 2019",0.7372,0.739,0.7403,0.7367,-0.22%
250,"Jan 16, 2019",0.7379,0.737,0.7388,0.737,0.09%
249,"Jan 17, 2019",0.7378,0.738,0.7387,0.7366,-0.01%
248,"Jan 18, 2019",0.736,0.7375,0.7381,0.7358,-0.24%
247,"Jan 21, 2019",0.7358,0.7362,0.7366,0.7347,-0.03%
246,"Jan 22, 2019",0.7355,0.7357,0.736,0.7343,-0.04%
245,"Jan 23, 2019",0.7359,0.7352,0.7362,0.7349,0.05%
244,"Jan 24, 2019",0.7348,0.7359,0.7371,0.7345,-0.15%
243,"Jan 25, 2019",0.7387,0.7348,0.7395,0.7345,0.53%
242,"Jan 28, 2019",0.7392,0.7388,0.7403,0.7383,0.07%
241,"Jan 29, 2019",0.7397,0.7393,0.7402,0.7382,0.07%
240,"Jan 30, 2019",0.7422,0.7396,0.743,0.7392,0.34%
239,"Jan 31, 2019",0.7432,0.7423,0.7439,0.742,0.13%
238,"Feb 01, 2019",0.7408,0.7432,0.7433,0.7402,-0.32%
237,"Feb 04, 2019",0.7392,0.7409,0.7411,0.7386,-0.22%
236,"Feb 05, 2019",0.7398,0.7391,0.7403,0.7388,0.08%
235,"Feb 06, 2019",0.7375,0.7397,0.7404,0.7374,-0.31%
234,"Feb 07, 2019",0.7372,0.7376,0.7385,0.7367,-0.04%
233,"Feb 08, 2019",0.7371,0.7372,0.7382,0.7359,-0.01%
232,"Feb 11, 2019",0.7348,0.7372,0.7379,0.7346,-0.31%
231,"Feb 12, 2019",0.7373,0.7347,0.7377,0.7346,0.34%
230,"Feb 13, 2019",0.7356,0.7375,0.7389,0.7353,-0.23%
229,"Feb 14, 2019",0.7363,0.7353,0.7371,0.735,0.10%
228,"Feb 15, 2019",0.737,0.7365,0.7378,0.7356,0.10%
227,"Feb 18, 2019",0.737,0.737,0.7382,0.7369,0.00%
226,"Feb 19, 2019",0.7391,0.7369,0.7392,0.7363,0.28%
225,"Feb 20, 2019",0.7398,0.7391,0.741,0.7389,0.09%
224,"Feb 21, 2019",0.7388,0.7399,0.7408,0.7382,-0.14%
223,"Feb 22, 2019",0.7401,0.7385,0.7406,0.7378,0.18%
222,"Feb 25, 2019",0.7409,0.7401,0.7417,0.7399,0.11%
221,"Feb 26, 2019",0.7422,0.7407,0.7423,0.7402,0.18%
220,"Feb 27, 2019",0.7416,0.7422,0.7425,0.7408,-0.08%
219,"Feb 28, 2019",0.7396,0.7416,0.742,0.7394,-0.27%
218,"Mar 01, 2019",0.7379,0.7396,0.7405,0.7376,-0.23%
217,"Mar 04, 2019",0.7382,0.7379,0.7392,0.7375,0.04%
216,"Mar 05, 2019",0.7377,0.738,0.7386,0.7368,-0.07%
215,"Mar 06, 2019",0.7367,0.7377,0.7377,0.7359,-0.14%
214,"Mar 07, 2019",0.7348,0.7367,0.7372,0.7346,-0.26%
213,"Mar 08, 2019",0.7358,0.7348,0.7364,0.7343,0.14%
212,"Mar 11, 2019",0.7364,0.7359,0.7365,0.7351,0.08%
211,"Mar 12, 2019",0.7375,0.7365,0.738,0.7363,0.15%
210,"Mar 13, 2019",0.7395,0.7376,0.7397,0.7368,0.27%
209,"Mar 14, 2019",0.7376,0.7396,0.7397,0.7367,-0.26%
208,"Mar 15, 2019",0.7393,0.7377,0.7396,0.7372,0.23%
207,"Mar 18, 2019",0.7401,0.7393,0.7403,0.7388,0.11%
206,"Mar 19, 2019",0.7401,0.7401,0.7406,0.7396,0.00%
205,"Mar 20, 2019",0.7423,0.74,0.7431,0.739,0.30%
204,"Mar 21, 2019",0.7415,0.7425,0.7433,0.74,-0.11%
203,"Mar 22, 2019",0.7393,0.7412,0.7418,0.739,-0.30%
202,"Mar 25, 2019",0.7408,0.7395,0.7411,0.7389,0.20%
201,"Mar 26, 2019",0.7395,0.7406,0.7412,0.7393,-0.18%
200,"Mar 27, 2019",0.7379,0.7395,0.7399,0.737,-0.22%
199,"Mar 28, 2019",0.7371,0.7377,0.7385,0.7365,-0.11%
198,"Mar 29, 2019",0.7376,0.7371,0.7387,0.737,0.07%
197,"Apr 01, 2019",0.7383,0.7378,0.7391,0.7378,0.09%
196,"Apr 02, 2019",0.7379,0.7382,0.7383,0.7369,-0.05%
195,"Apr 03, 2019",0.7388,0.738,0.7397,0.7376,0.12%
194,"Apr 04, 2019",0.738,0.7387,0.7393,0.7378,-0.11%
193,"Apr 05, 2019",0.7381,0.7382,0.7389,0.7372,0.01%
192,"Apr 08, 2019",0.7383,0.7378,0.7386,0.737,0.03%
191,"Apr 09, 2019",0.7389,0.7384,0.7397,0.738,0.08%
190,"Apr 10, 2019",0.7398,0.7388,0.74,0.7383,0.12%
189,"Apr 11, 2019",0.7373,0.7398,0.74,0.7372,-0.34%
188,"Apr 12, 2019",0.7391,0.7373,0.7396,0.7363,0.24%
187,"Apr 15, 2019",0.7391,0.7391,0.7399,0.7389,0.00%
186,"Apr 16, 2019",0.7383,0.7392,0.7394,0.7379,-0.11%
185,"Apr 17, 2019",0.7393,0.7383,0.7397,0.7376,0.14%
184,"Apr 18, 2019",0.7373,0.7391,0.7395,0.7371,-0.27%
183,"Apr 19, 2019",0.738,0.7376,0.7382,0.7373,0.09%
182,"Apr 22, 2019",0.7373,0.7379,0.7382,0.7369,-0.09%
181,"Apr 23, 2019",0.7369,0.7373,0.7379,0.736,-0.05%
180,"Apr 24, 2019",0.7343,0.737,0.7371,0.7336,-0.35%
179,"Apr 25, 2019",0.7336,0.7343,0.7346,0.7322,-0.10%
178,"Apr 26, 2019",0.7341,0.7336,0.7356,0.7331,0.07%
177,"Apr 29, 2019",0.7345,0.7342,0.7352,0.7338,0.05%
176,"Apr 30, 2019",0.735,0.7346,0.7356,0.7334,0.07%
175,"May 01, 2019",0.7345,0.7349,0.7368,0.7339,-0.07%
174,"May 02, 2019",0.7339,0.7346,0.7353,0.7336,-0.08%
173,"May 03, 2019",0.735,0.7338,0.7353,0.7328,0.15%
172,"May 06, 2019",0.7336,0.7349,0.7349,0.732,-0.19%
171,"May 07, 2019",0.7338,0.7337,0.735,0.7329,0.03%
170,"May 08, 2019",0.7339,0.7339,0.7352,0.7335,0.01%
169,"May 09, 2019",0.7329,0.7339,0.7342,0.732,-0.14%
168,"May 10, 2019",0.7338,0.7329,0.7343,0.7325,0.12%
167,"May 13, 2019",0.7298,0.7339,0.7339,0.7295,-0.55%
166,"May 14, 2019",0.7306,0.7296,0.7311,0.7293,0.11%
165,"May 15, 2019",0.7308,0.7307,0.7311,0.7298,0.03%
164,"May 16, 2019",0.7286,0.7308,0.731,0.7282,-0.30%
163,"May 17, 2019",0.7259,0.7286,0.7288,0.7255,-0.37%
162,"May 20, 2019",0.7265,0.7259,0.7278,0.7257,0.08%
161,"May 21, 2019",0.7262,0.7262,0.7272,0.7247,-0.04%
160,"May 22, 2019",0.725,0.7264,0.7266,0.7238,-0.17%
159,"May 23, 2019",0.7249,0.7252,0.7254,0.723,-0.01%
158,"May 24, 2019",0.727,0.7249,0.7276,0.7244,0.29%
157,"May 27, 2019",0.7271,0.7271,0.7284,0.7268,0.01%
156,"May 28, 2019",0.7249,0.7271,0.7275,0.7246,-0.30%
155,"May 29, 2019",0.724,0.7249,0.7255,0.7228,-0.12%
154,"May 30, 2019",0.7251,0.7238,0.7256,0.7236,0.15%
153,"May 31, 2019",0.7279,0.7252,0.7282,0.7241,0.39%
152,"Jun 03, 2019",0.7317,0.7269,0.7324,0.7267,0.52%
151,"Jun 04, 2019",0.7319,0.7317,0.7323,0.73,0.03%
150,"Jun 05, 2019",0.7318,0.7319,0.7339,0.7313,-0.01%
149,"Jun 06, 2019",0.733,0.7317,0.7339,0.7314,0.16%
148,"Jun 07, 2019",0.7339,0.7332,0.7348,0.7307,0.12%
147,"Jun 10, 2019",0.732,0.7342,0.7342,0.731,-0.26%
146,"Jun 11, 2019",0.7332,0.7319,0.7338,0.7316,0.16%
145,"Jun 12, 2019",0.7316,0.7331,0.7337,0.7312,-0.22%
144,"Jun 13, 2019",0.7317,0.7316,0.7323,0.7312,0.01%
143,"Jun 14, 2019",0.7294,0.7317,0.732,0.7287,-0.31%
142,"Jun 17, 2019",0.7295,0.7295,0.7302,0.729,0.01%
141,"Jun 18, 2019",0.7317,0.7296,0.7321,0.7287,0.30%
140,"Jun 19, 2019",0.7337,0.7316,0.7347,0.7307,0.27%
139,"Jun 20, 2019",0.7373,0.7336,0.7379,0.7333,0.49%
138,"Jun 21, 2019",0.7379,0.7374,0.7384,0.7364,0.08%
137,"Jun 24, 2019",0.7389,0.7379,0.739,0.7377,0.14%
136,"Jun 25, 2019",0.7382,0.7389,0.7398,0.7377,-0.09%
135,"Jun 26, 2019",0.7381,0.738,0.7392,0.7371,-0.01%
134,"Jun 27, 2019",0.7389,0.7381,0.7395,0.7376,0.11%
133,"Jun 28, 2019",0.7392,0.739,0.7397,0.7386,0.04%
132,"Jul 01, 2019",0.7377,0.7393,0.7401,0.7369,-0.20%
131,"Jul 02, 2019",0.7375,0.7378,0.7379,0.7366,-0.03%
130,"Jul 03, 2019",0.7375,0.7376,0.7382,0.7367,0.00%
129,"Jul 04, 2019",0.7375,0.7372,0.7383,0.7371,0.00%
128,"Jul 05, 2019",0.7355,0.7375,0.7379,0.7339,-0.27%
127,"Jul 08, 2019",0.7353,0.7357,0.7365,0.7343,-0.03%
126,"Jul 09, 2019",0.7342,0.7353,0.7356,0.7339,-0.15%
125,"Jul 10, 2019",0.7362,0.7346,0.7371,0.7339,0.27%
124,"Jul 11, 2019",0.7369,0.7365,0.7385,0.7359,0.10%
123,"Jul 12, 2019",0.7365,0.7366,0.737,0.7347,-0.05%
122,"Jul 15, 2019",0.7373,0.7366,0.7379,0.7359,0.11%
121,"Jul 16, 2019",0.736,0.7377,0.7379,0.7359,-0.18%
120,"Jul 17, 2019",0.7348,0.7361,0.7365,0.7338,-0.16%
119,"Jul 18, 2019",0.737,0.7348,0.7372,0.7343,0.30%
118,"Jul 19, 2019",0.7351,0.7372,0.7377,0.7347,-0.26%
117,"Jul 22, 2019",0.7349,0.7352,0.7356,0.7342,-0.03%
116,"Jul 23, 2019",0.7323,0.7349,0.7351,0.7321,-0.35%
115,"Jul 24, 2019",0.7329,0.7325,0.7339,0.7318,0.08%
114,"Jul 25, 2019",0.7313,0.733,0.7332,0.7307,-0.22%
113,"Jul 26, 2019",0.73,0.7314,0.7316,0.7295,-0.18%
112,"Jul 29, 2019",0.7298,0.7307,0.7307,0.7288,-0.03%
111,"Jul 30, 2019",0.7298,0.7297,0.7306,0.7291,0.00%
110,"Jul 31, 2019",0.7278,0.7299,0.7313,0.7276,-0.27%
109,"Aug 01, 2019",0.7262,0.7276,0.7296,0.7257,-0.22%
108,"Aug 02, 2019",0.7264,0.7259,0.7278,0.7255,0.03%
107,"Aug 05, 2019",0.7222,0.7263,0.7269,0.7221,-0.58%
106,"Aug 06, 2019",0.7238,0.7222,0.725,0.7209,0.22%
105,"Aug 07, 2019",0.7233,0.7237,0.7247,0.7221,-0.07%
104,"Aug 08, 2019",0.7236,0.7232,0.7244,0.7221,0.04%
103,"Aug 09, 2019",0.7217,0.7236,0.7241,0.7214,-0.26%
102,"Aug 12, 2019",0.721,0.7218,0.7226,0.72,-0.10%
101,"Aug 13, 2019",0.7229,0.7209,0.7243,0.7196,0.26%
100,"Aug 14, 2019",0.7194,0.7229,0.7231,0.7191,-0.48%
99,"Aug 15, 2019",0.7199,0.7193,0.7211,0.719,0.07%
98,"Aug 16, 2019",0.7222,0.7199,0.7227,0.7197,0.32%
97,"Aug 19, 2019",0.7211,0.7222,0.7227,0.7208,-0.15%
96,"Aug 20, 2019",0.7221,0.7211,0.7223,0.7205,0.14%
95,"Aug 21, 2019",0.7224,0.7221,0.7234,0.7215,0.04%
94,"Aug 22, 2019",0.7218,0.7226,0.7229,0.7208,-0.08%
93,"Aug 23, 2019",0.7209,0.7218,0.7225,0.72,-0.12%
92,"Aug 26, 2019",0.7201,0.7209,0.7212,0.7181,-0.11%
91,"Aug 27, 2019",0.7198,0.7202,0.7208,0.7192,-0.04%
90,"Aug 28, 2019",0.72,0.7198,0.7207,0.7197,0.03%
89,"Aug 29, 2019",0.7207,0.7201,0.7215,0.7196,0.10%
88,"Aug 30, 2019",0.7209,0.7206,0.7213,0.7195,0.03%
87,"Sep 02, 2019",0.7188,0.7198,0.7201,0.7187,-0.29%
86,"Sep 03, 2019",0.7192,0.7187,0.7193,0.7172,0.06%
85,"Sep 04, 2019",0.7223,0.7192,0.7225,0.7191,0.43%
84,"Sep 05, 2019",0.7227,0.7222,0.7236,0.7216,0.06%
83,"Sep 06, 2019",0.724,0.7226,0.725,0.7218,0.18%
82,"Sep 09, 2019",0.7248,0.7238,0.7256,0.7235,0.11%
81,"Sep 10, 2019",0.7246,0.7248,0.7253,0.7238,-0.03%
80,"Sep 11, 2019",0.7251,0.7247,0.7256,0.7242,0.07%
79,"Sep 12, 2019",0.7272,0.7249,0.7286,0.7248,0.29%
78,"Sep 13, 2019",0.7281,0.7268,0.7289,0.7268,0.12%
77,"Sep 16, 2019",0.7271,0.7281,0.7285,0.7266,-0.14%
76,"Sep 17, 2019",0.7278,0.7271,0.7279,0.7258,0.10%
75,"Sep 18, 2019",0.7266,0.7278,0.7287,0.7262,-0.16%
74,"Sep 19, 2019",0.7254,0.7267,0.7269,0.7248,-0.17%
73,"Sep 20, 2019",0.726,0.7252,0.7279,0.725,0.08%
72,"Sep 23, 2019",0.7257,0.7264,0.7271,0.725,-0.04%
71,"Sep 24, 2019",0.7268,0.726,0.7275,0.7255,0.15%
70,"Sep 25, 2019",0.7252,0.7267,0.7272,0.7248,-0.22%
69,"Sep 26, 2019",0.7235,0.7252,0.7258,0.7234,-0.23%
68,"Sep 27, 2019",0.7238,0.7237,0.7249,0.7231,0.04%
67,"Sep 30, 2019",0.7236,0.7236,0.7243,0.7226,-0.03%
66,"Oct 01, 2019",0.7221,0.7236,0.724,0.7204,-0.21%
65,"Oct 02, 2019",0.7225,0.722,0.7227,0.721,0.06%
64,"Oct 03, 2019",0.7241,0.7226,0.7256,0.7221,0.22%
63,"Oct 04, 2019",0.7254,0.7242,0.7259,0.724,0.18%
62,"Oct 07, 2019",0.7241,0.7254,0.7254,0.7232,-0.18%
61,"Oct 08, 2019",0.7232,0.7241,0.7255,0.723,-0.12%
60,"Oct 09, 2019",0.7242,0.7233,0.7251,0.723,0.14%
59,"Oct 10, 2019",0.7273,0.7242,0.7275,0.7232,0.43%
58,"Oct 11, 2019",0.7285,0.7272,0.7299,0.7267,0.16%
57,"Oct 14, 2019",0.7303,0.7285,0.7311,0.7279,0.25%
56,"Oct 15, 2019",0.7296,0.7302,0.7309,0.7288,-0.10%
55,"Oct 16, 2019",0.7299,0.7294,0.7301,0.728,0.04%
54,"Oct 17, 2019",0.7328,0.73,0.7335,0.7294,0.40%
53,"Oct 18, 2019",0.7329,0.7329,0.7336,0.7319,0.01%
52,"Oct 21, 2019",0.7348,0.7329,0.7351,0.7329,0.26%
51,"Oct 22, 2019",0.7339,0.7348,0.7352,0.7333,-0.12%
50,"Oct 23, 2019",0.734,0.7338,0.7343,0.7329,0.01%
49,"Oct 24, 2019",0.7333,0.7341,0.7349,0.7329,-0.10%
48,"Oct 25, 2019",0.7335,0.7335,0.7342,0.7331,0.03%
47,"Oct 28, 2019",0.7341,0.7337,0.7346,0.7332,0.08%
46,"Oct 29, 2019",0.734,0.7341,0.7345,0.733,-0.01%
45,"Oct 30, 2019",0.7341,0.7341,0.7348,0.7328,0.01%
44,"Oct 31, 2019",0.7351,0.7344,0.7355,0.7337,0.14%
43,"Nov 01, 2019",0.7365,0.7354,0.7375,0.7347,0.19%
42,"Nov 04, 2019",0.7359,0.7363,0.7376,0.7357,-0.08%
41,"Nov 05, 2019",0.7362,0.7358,0.7376,0.7354,0.04%
40,"Nov 06, 2019",0.7352,0.736,0.7367,0.7345,-0.14%
39,"Nov 07, 2019",0.7367,0.7353,0.7375,0.7348,0.20%
38,"Nov 08, 2019",0.7356,0.7372,0.7373,0.7349,-0.15%
37,"Nov 11, 2019",0.7349,0.7352,0.7357,0.7341,-0.10%
36,"Nov 12, 2019",0.7341,0.7349,0.7355,0.7339,-0.11%
35,"Nov 13, 2019",0.7338,0.734,0.7346,0.7333,-0.04%
34,"Nov 14, 2019",0.7342,0.7337,0.7344,0.7332,0.05%
33,"Nov 15, 2019",0.735,0.7341,0.7353,0.7338,0.11%
32,"Nov 18, 2019",0.735,0.735,0.7356,0.7344,0.00%
31,"Nov 19, 2019",0.7348,0.735,0.7357,0.7343,-0.03%
30,"Nov 20, 2019",0.734,0.7348,0.735,0.7338,-0.11%
29,"Nov 21, 2019",0.7336,0.7341,0.7347,0.7332,-0.05%
28,"Nov 22, 2019",0.7329,0.7338,0.7346,0.7326,-0.10%
27,"Nov 25, 2019",0.7327,0.7333,0.7336,0.7322,-0.03%
26,"Nov 26, 2019",0.7331,0.7328,0.7333,0.7317,0.05%
25,"Nov 27, 2019",0.7326,0.7331,0.7331,0.7317,-0.07%
24,"Nov 28, 2019",0.7321,0.7325,0.7327,0.7317,-0.07%
23,"Nov 29, 2019",0.7312,0.7323,0.7325,0.7311,-0.12%
22,"Dec 02, 2019",0.7321,0.7315,0.7324,0.7303,0.12%
21,"Dec 03, 2019",0.7331,0.7323,0.7337,0.7317,0.14%
20,"Dec 04, 2019",0.7336,0.7332,0.7343,0.7322,0.07%
19,"Dec 05, 2019",0.7351,0.7336,0.7352,0.7333,0.20%
18,"Dec 06, 2019",0.7349,0.735,0.7358,0.7345,-0.03%
17,"Dec 09, 2019",0.7356,0.7351,0.7359,0.7345,0.10%
16,"Dec 10, 2019",0.7362,0.7356,0.7363,0.735,0.08%
15,"Dec 11, 2019",0.7369,0.7362,0.7369,0.7351,0.10%
14,"Dec 12, 2019",0.7382,0.7369,0.7386,0.7365,0.18%
13,"Dec 13, 2019",0.7387,0.7382,0.74,0.7376,0.07%
12,"Dec 16, 2019",0.7382,0.7386,0.7389,0.737,-0.07%
11,"Dec 17, 2019",0.738,0.7381,0.7388,0.7372,-0.03%
10,"Dec 18, 2019",0.7379,0.7379,0.7381,0.7369,-0.01%
9,"Dec 19, 2019",0.7379,0.7379,0.7385,0.7373,0.00%
8,"Dec 20, 2019",0.7379,0.7378,0.7384,0.7373,0.00%
7,"Dec 23, 2019",0.7376,0.738,0.7383,0.7371,-0.04%
6,"Dec 24, 2019",0.7378,0.7376,0.7382,0.7373,0.03%
5,"Dec 25, 2019",0.7379,0.7379,0.7384,0.7378,0.01%
4,"Dec 26, 2019",0.7385,0.7379,0.7389,0.7377,0.08%
3,"Dec 27, 2019",0.7396,0.7387,0.7401,0.7383,0.15%
2,"Dec 30, 2019",0.7415,0.7392,0.7419,0.739,0.26%
1,"Dec 31, 2019",0.7435,0.7416,0.744,0.7414,0.27%