,order,Date,Price,Open,High,Low,Change %,volatility
0,782,"Jan 02, 2017",1.0459,1.0532,1.0534,1.0449,-0.54%,0.8341476393536237
1,781,"Jan 03, 2017",1.0406,1.0455,1.0492,1.0341,-0.51%,1.3800270105141845
2,780,"Jan 04, 2017",1.0488,1.0405,1.0501,1.0389,0.79%,0.8249351342382623
3,779,"Jan 05, 2017",1.0607,1.0493,1.0619,1.0482,1.13%,0.38052834779287703
4,778,"Jan 06, 2017",1.0533,1.0606,1.0624,1.0523,-0.70%,0.6019935067341236
5,777,"Jan 09, 2017",1.0574,1.0539,1.0584,1.051,0.39%,0.5908805654677894
6,776,"Jan 10, 2017",1.0554,1.0573,1.0628,1.0551,-0.19%,0.7705501944380314
7,775,"Jan 11, 2017",1.0582,1.0556,1.0624,1.0454,0.27%,0.6368873713229326
8,774,"Jan 12, 2017",1.0613,1.0582,1.0687,1.0573,0.29%,0.5316656745987953
9,773,"Jan 13, 2017",1.0644,1.0612,1.0674,1.0598,0.29%,0.5645025662207068
10,772,"Jan 16, 2017",1.0603,1.0618,1.0638,1.058,-0.39%,0.9394438981374253
11,771,"Jan 17, 2017",1.0714,1.0599,1.0719,1.0595,1.05%,0.41073822127505455
12,770,"Jan 18, 2017",1.0631,1.0713,1.0716,1.0624,-0.77%,0.7991057110581335
13,769,"Jan 19, 2017",1.0664,1.0629,1.0677,1.0588,0.31%,0.5583374179480707
14,768,"Jan 20, 2017",1.0703,1.0667,1.0713,1.0627,0.37%,0.2991066995765698
15,767,"Jan 23, 2017",1.0765,1.0687,1.0773,1.0686,0.58%,0.47985912403147973
16,766,"Jan 24, 2017",1.0731,1.0763,1.0775,1.0718,-0.32%,0.3684503596116722
17,765,"Jan 25, 2017",1.0748,1.0734,1.0773,1.0713,0.16%,0.3948473236680868
18,764,"Jan 26, 2017",1.0682,1.0746,1.0767,1.0657,-0.61%,0.6866823132350132
19,763,"Jan 27, 2017",1.0699,1.0685,1.0729,1.0661,0.16%,0.5913884721439131
20,762,"Jan 30, 2017",1.0695,1.0692,1.0742,1.0619,-0.04%,0.6241940821842241
21,761,"Jan 31, 2017",1.0798,1.0695,1.0814,1.0684,0.96%,0.5922680850275821
22,760,"Feb 01, 2017",1.0769,1.0798,1.081,1.0731,-0.27%,0.568762864576593
23,759,"Feb 02, 2017",1.0758,1.0767,1.0829,1.0753,-0.10%,0.6512663761168791
24,758,"Feb 03, 2017",1.0784,1.0759,1.08,1.0714,0.24%,1.0548998501349924
25,757,"Feb 06, 2017",1.075,1.0781,1.0801,1.0703,-0.32%,1.0019836618405316
26,756,"Feb 07, 2017",1.0681,1.075,1.0751,1.0654,-0.64%,0.5773443672315598
27,755,"Feb 08, 2017",1.0698,1.0682,1.0715,1.0639,0.16%,0.7034119324751713
28,754,"Feb 09, 2017",1.0656,1.0699,1.0711,1.065,-0.39%,0.4335864148343891
29,753,"Feb 10, 2017",1.0641,1.0658,1.067,1.0609,-0.14%,0.35682654732696795
30,752,"Feb 13, 2017",1.0598,1.0634,1.0658,1.0592,-0.40%,0.36473055400493265
31,751,"Feb 14, 2017",1.0577,1.0596,1.0634,1.0559,-0.20%,0.43420067463671175
32,750,"Feb 15, 2017",1.0601,1.0577,1.0611,1.0523,0.23%,0.39361384710895103
33,749,"Feb 16, 2017",1.0674,1.06,1.0682,1.0588,0.69%,0.8735755276672976
34,748,"Feb 17, 2017",1.0614,1.0675,1.0679,1.0605,-0.56%,0.41618013736918635
35,747,"Feb 20, 2017",1.0614,1.0618,1.0637,1.0606,0.00%,0.4365384377530377
36,746,"Feb 21, 2017",1.0537,1.0611,1.0618,1.0526,-0.73%,0.3063702902783007
37,745,"Feb 22, 2017",1.0556,1.0534,1.0574,1.0493,0.18%,0.24295131603658512
38,744,"Feb 23, 2017",1.0581,1.0557,1.0597,1.0538,0.24%,0.33352830620726
39,743,"Feb 24, 2017",1.0563,1.0583,1.062,1.0557,-0.17%,0.3221565753512002
40,742,"Feb 27, 2017",1.0588,1.0562,1.0633,1.0552,0.24%,0.35768761572949404
41,741,"Feb 28, 2017",1.0577,1.0587,1.0632,1.057,-0.10%,0.34442632090265207
42,740,"Mar 01, 2017",1.0548,1.0575,1.0590000000000002,1.0514,-0.27%,0.3512529299500745
43,739,"Mar 02, 2017",1.0507,1.0547,1.0552,1.0493,-0.39%,0.8489389366272287
44,738,"Mar 03, 2017",1.0623,1.0508,1.0626,1.0502,1.10%,0.4668284463220108
45,737,"Mar 06, 2017",1.0581,1.0617,1.0643,1.0575,-0.40%,0.45155707697360953
46,736,"Mar 07, 2017",1.0566,1.0583,1.0603,1.0557,-0.14%,0.797726408971861
47,735,"Mar 08, 2017",1.0541,1.0566,1.0576,1.0535,-0.24%,1.2598686447593186
48,734,"Mar 09, 2017",1.0577,1.0541,1.0617,1.0525,0.34%,1.1428860771047054
49,733,"Mar 10, 2017",1.0672,1.0577,1.0702,1.0572,0.90%,0.5776032846444363
50,732,"Mar 13, 2017",1.0654,1.0672,1.0715,1.065,-0.17%,0.8728539084265996
51,731,"Mar 14, 2017",1.0604,1.0655,1.0664,1.0599,-0.47%,1.4243343969170623
52,730,"Mar 15, 2017",1.0735,1.0604,1.0742,1.0603,1.24%,0.4000479528509448
53,729,"Mar 16, 2017",1.0766,1.0734,1.0772,1.0706,0.29%,0.26913764619652386
54,728,"Mar 17, 2017",1.0738,1.0765,1.0784,1.0728,-0.26%,0.6165917658309518
55,727,"Mar 20, 2017",1.0739,1.074,1.0779,1.0725,0.01%,0.6625360042028859
56,726,"Mar 21, 2017",1.0811,1.074,1.0822,1.072,0.67%,0.2703558084764866
57,725,"Mar 22, 2017",1.0797,1.081,1.0827,1.0776,-0.13%,0.5056461043409967
58,724,"Mar 23, 2017",1.0783,1.0797,1.0807,1.0769,-0.13%,0.673881030279635
59,723,"Mar 24, 2017",1.0799,1.0784,1.082,1.0761,0.15%,0.8497495139403441
60,722,"Mar 27, 2017",1.0865,1.0797,1.0905,1.0795,0.61%,1.4254068364049701
61,721,"Mar 28, 2017",1.0813,1.0864,1.0873,1.0797,-0.48%,1.1543817967731216
62,720,"Mar 29, 2017",1.0767,1.0811,1.0827,1.0739,-0.43%,0.8984079817518814
63,719,"Mar 30, 2017",1.0675,1.0765,1.0772,1.0671,-0.85%,0.3335736546091667
64,718,"Mar 31, 2017",1.0652,1.0675,1.0705,1.0652,-0.22%,0.31756752203214184
65,717,"Apr 03, 2017",1.0671,1.0659999999999998,1.0683,1.0643,0.18%,0.47188134084728106
66,716,"Apr 04, 2017",1.0674,1.0669,1.0678,1.0635,0.03%,0.49331618189124493
67,715,"Apr 05, 2017",1.0663,1.0672,1.069,1.0633,-0.10%,0.4526875508261129
68,714,"Apr 06, 2017",1.0644,1.0663,1.0687,1.063,-0.18%,0.3441320773186713
69,713,"Apr 07, 2017",1.0590000000000002,1.0644,1.0668,1.058,-0.51%,0.3537702425992958
70,712,"Apr 10, 2017",1.0596,1.0593,1.0609,1.0571,0.06%,0.5836131974964266
71,711,"Apr 11, 2017",1.0602,1.0595,1.0631,1.0577,0.06%,0.6700549384785132
72,710,"Apr 12, 2017",1.0666,1.0606,1.0677,1.0589,0.60%,0.4397396841482485
73,709,"Apr 13, 2017",1.0614,1.0664,1.0679,1.0609,-0.49%,0.7822778904013199
74,708,"Apr 14, 2017",1.0612,1.0615,1.0633,1.0607,-0.02%,1.2112979019058259
75,707,"Apr 17, 2017",1.0643,1.0615,1.0674,1.0603,0.29%,1.4040875582116206
76,706,"Apr 18, 2017",1.0734,1.0643,1.0737,1.0636,0.86%,1.021964192151372
77,705,"Apr 19, 2017",1.0711,1.073,1.0738,1.07,-0.21%,1.2932136646189263
78,704,"Apr 20, 2017",1.0717,1.0711,1.078,1.0709,0.06%,1.4015769340963369
79,703,"Apr 21, 2017",1.0728,1.0719,1.0739,1.0682,0.10%,1.4451652003676811
80,702,"Apr 24, 2017",1.0868,1.089,1.0936,1.0819,1.30%,0.35226948999622515
81,701,"Apr 25, 2017",1.0926,1.0868,1.0951,1.0851,0.53%,0.28114230087646785
82,700,"Apr 26, 2017",1.0903,1.0924,1.0951,1.0856,-0.21%,0.3208440597185181
83,699,"Apr 27, 2017",1.0873,1.0903,1.0933,1.0851,-0.28%,0.6275530361873072
84,698,"Apr 28, 2017",1.0897,1.0877,1.0949,1.0857,0.22%,0.48727440218001544
85,697,"May 01, 2017",1.0899,1.0906,1.0924,1.0883,0.02%,0.4834307291272891
86,696,"May 02, 2017",1.093,1.0901,1.0936,1.0889,0.28%,0.4452830643140023
87,695,"May 03, 2017",1.0885,1.093,1.0939,1.0883,-0.41%,0.5498703933252836
88,694,"May 04, 2017",1.0984,1.0884,1.0987,1.0874,0.91%,0.7482989102720199
89,693,"May 05, 2017",1.0998,1.0991,1.1002,1.0951,0.13%,0.852535519122839
90,692,"May 08, 2017",1.0924,1.0998,1.1024,1.0917,-0.67%,0.6675005666105518
91,691,"May 09, 2017",1.0874,1.0923,1.0935,1.0862,-0.46%,1.291896330942101
92,690,"May 10, 2017",1.0868,1.0874,1.09,1.0853,-0.06%,1.559846557441451
93,689,"May 11, 2017",1.0861,1.0869,1.0894,1.0838,-0.06%,2.0106570139215254
94,688,"May 12, 2017",1.0931,1.0863,1.0937,1.0857,0.64%,1.8189434916703717
95,687,"May 15, 2017",1.0975,1.0926,1.0991,1.0922,0.40%,1.644229511469814
96,686,"May 16, 2017",1.1082,1.0976,1.1098,1.0972,0.97%,0.9359081000700468
97,685,"May 17, 2017",1.1159,1.1083,1.1163,1.1079,0.69%,0.4614518461012535
98,684,"May 18, 2017",1.1103,1.1159999999999999,1.1173,1.1075,-0.50%,0.880889849397601
99,683,"May 19, 2017",1.1207,1.1103,1.1214,1.1097,0.94%,0.21428461088469916
100,682,"May 22, 2017",1.1238,1.1202,1.1265,1.1162,0.28%,0.4157145308655752
101,681,"May 23, 2017",1.1183,1.1237,1.1268,1.1174,-0.49%,0.2619736536550819
102,680,"May 24, 2017",1.1219,1.1184,1.1222,1.1169,0.32%,0.2619142090052425
103,679,"May 25, 2017",1.1211,1.1219,1.1252,1.1194,-0.07%,0.33109890419513927
104,678,"May 26, 2017",1.1183,1.1211,1.1235,1.1159,-0.25%,0.47573792594422354
105,677,"May 29, 2017",1.1165,1.1179,1.1192,1.1159999999999999,-0.16%,0.7048014127169931
106,676,"May 30, 2017",1.1185,1.1165,1.1207,1.1111,0.18%,0.6072241198675439
107,675,"May 31, 2017",1.1243,1.1186,1.1255,1.1165,0.52%,0.23356481444705876
108,674,"Jun 01, 2017",1.1213,1.1242,1.1258,1.1203,-0.27%,0.38397201800705094
109,673,"Jun 02, 2017",1.1282,1.1213,1.1287,1.1205,0.62%,0.46939244597361374
110,672,"Jun 05, 2017",1.1255,1.128,1.1285,1.1236,-0.24%,0.3344731934657714
111,671,"Jun 06, 2017",1.1278,1.1254,1.1285,1.124,0.20%,0.5227450682196656
112,670,"Jun 07, 2017",1.1257,1.1277,1.1284,1.1205,-0.19%,0.5226644287168287
113,669,"Jun 08, 2017",1.1214,1.1257,1.127,1.1195,-0.38%,0.24955136161706326
114,668,"Jun 09, 2017",1.1196,1.1217,1.124,1.1168,-0.16%,0.25802920631372783
115,667,"Jun 12, 2017",1.1203,1.1196,1.1235,1.1193,0.06%,0.3607262540645867
116,666,"Jun 13, 2017",1.1216,1.1203,1.1225,1.1184,0.12%,0.4627653092853373
117,665,"Jun 14, 2017",1.1218,1.121,1.1296,1.1191,0.02%,0.5246005300520596
118,664,"Jun 15, 2017",1.1145,1.1219,1.1231,1.1132,-0.65%,0.26075828730272166
119,663,"Jun 16, 2017",1.1198,1.1142,1.1201,1.1138,0.48%,0.3318439561188736
120,662,"Jun 19, 2017",1.1148,1.1199,1.1214,1.1141,-0.45%,0.6810196515171627
121,661,"Jun 20, 2017",1.1135,1.1147,1.1165,1.1118,-0.12%,1.1143090820135768
122,660,"Jun 21, 2017",1.1168,1.1133,1.1171,1.1128,0.30%,1.3062328773578404
123,659,"Jun 22, 2017",1.1153,1.1167,1.1179,1.114,-0.13%,1.6781612153953447
124,658,"Jun 23, 2017",1.1194,1.1152,1.1211,1.1145,0.37%,1.5053170698438731
125,657,"Jun 26, 2017",1.1182,1.1202,1.1222,1.1173,-0.11%,1.6879436673382922
126,656,"Jun 27, 2017",1.1339,1.1183,1.1351,1.1178,1.40%,0.4755203439141039
127,655,"Jun 28, 2017",1.1378,1.1339,1.1392,1.1292,0.34%,0.33562583324417944
128,654,"Jun 29, 2017",1.1441,1.1376,1.1446,1.1373,0.55%,0.5227412980323111
129,653,"Jun 30, 2017",1.1426,1.1442,1.1448,1.1393,-0.13%,0.43185954517452385
130,652,"Jul 03, 2017",1.1364,1.1422,1.1431,1.1357,-0.54%,0.4366672245168089
131,651,"Jul 04, 2017",1.1345,1.1366,1.138,1.1339,-0.17%,0.5929973800459775
132,650,"Jul 05, 2017",1.1353,1.1345,1.1369,1.1312,0.07%,0.5571419814116257
133,649,"Jul 06, 2017",1.1423,1.1351,1.1425,1.1329,0.62%,0.25116402268234705
134,648,"Jul 07, 2017",1.1401,1.1423,1.1440000000000001,1.1379,-0.19%,0.40858923599166025
135,647,"Jul 10, 2017",1.14,1.1391,1.1418,1.1381,-0.01%,0.6602797204503668
136,646,"Jul 11, 2017",1.1467,1.14,1.1482,1.1383,0.59%,0.44150598343391606
137,645,"Jul 12, 2017",1.1412,1.1467,1.1491,1.1392,-0.48%,0.9776435752063882
138,644,"Jul 13, 2017",1.1399,1.1413,1.1459,1.1373,-0.11%,1.3785186206281395
139,643,"Jul 14, 2017",1.1469,1.14,1.1473,1.1392,0.61%,1.0602907502657404
140,642,"Jul 17, 2017",1.1479,1.1462,1.1487,1.1434,0.09%,1.1434731717556845
141,641,"Jul 18, 2017",1.1555,1.148,1.1585,1.1473,0.66%,0.8528479508361104
142,640,"Jul 19, 2017",1.1516,1.1554,1.1559,1.1509,-0.34%,1.2396147466021352
143,639,"Jul 20, 2017",1.1631,1.1513,1.1657,1.1479,1.00%,0.5529338901492035
144,638,"Jul 21, 2017",1.1663,1.1634,1.1684,1.162,0.28%,0.6932477322003002
145,637,"Jul 24, 2017",1.1642,1.1662,1.1688,1.1628,-0.18%,0.9602849253727216
146,636,"Jul 25, 2017",1.1652,1.1640000000000001,1.1712,1.163,0.09%,1.1122169980611474
147,635,"Jul 26, 2017",1.1734,1.1648,1.1741,1.1613,0.70%,0.7432381576541767
148,634,"Jul 27, 2017",1.1677,1.1734,1.1777,1.1649,-0.49%,1.152556437298059
149,633,"Jul 28, 2017",1.1752,1.1677,1.1765,1.1671,0.64%,0.6242687442618131
150,632,"Jul 31, 2017",1.1842,1.1737,1.1847,1.1723,0.77%,0.4289283938253733
151,631,"Aug 01, 2017",1.1802,1.1841,1.1845,1.1784,-0.34%,0.3655534707995292
152,630,"Aug 02, 2017",1.1856,1.1802,1.1911,1.1794,0.46%,0.6259532209521013
153,629,"Aug 03, 2017",1.187,1.1856,1.1894,1.1831,0.12%,0.7386107337588177
154,628,"Aug 04, 2017",1.1772,1.1871,1.1893,1.1731,-0.83%,0.19514129022876717
155,627,"Aug 07, 2017",1.1796,1.1768,1.1816,1.1767,0.20%,0.2982293440618219
156,626,"Aug 08, 2017",1.175,1.1794,1.1825,1.1714,-0.39%,0.2716366285987685
157,625,"Aug 09, 2017",1.1759,1.1752,1.1765,1.1689,0.08%,0.25665796342069663
158,624,"Aug 10, 2017",1.1772,1.1759,1.1786,1.1704,0.11%,0.253666203296976
159,623,"Aug 11, 2017",1.1821,1.1771,1.1846,1.1747,0.42%,0.5014209987001805
160,622,"Aug 14, 2017",1.178,1.1806,1.1840000000000002,1.177,-0.35%,0.2723470541759572
161,621,"Aug 15, 2017",1.1735,1.178,1.1794,1.1688,-0.38%,0.3884941271704806
162,620,"Aug 16, 2017",1.177,1.1734,1.178,1.1682,0.30%,0.260289831299838
163,619,"Aug 17, 2017",1.1724,1.1767,1.179,1.1662,-0.39%,0.8198352749180714
164,618,"Aug 18, 2017",1.1762,1.1723,1.1775,1.1707,0.32%,0.9105715061962847
165,617,"Aug 21, 2017",1.1816,1.175,1.183,1.1731,0.46%,0.8235837762728623
166,616,"Aug 22, 2017",1.1762,1.1815,1.1826,1.1745,-0.46%,1.1855797562760482
167,615,"Aug 23, 2017",1.1807,1.1763,1.1825,1.1741,0.38%,0.9464863038153608
168,614,"Aug 24, 2017",1.1799,1.1807,1.1821,1.1784,-0.07%,1.0202337722105461
169,613,"Aug 25, 2017",1.1926,1.1799,1.1942,1.1773,1.08%,0.3531827538429866
170,612,"Aug 28, 2017",1.1979,1.1926,1.1985,1.1917,0.44%,0.6274061154964713
171,611,"Aug 29, 2017",1.1972,1.1978,1.2069,1.1945,-0.06%,0.6047994493069794
172,610,"Aug 30, 2017",1.1883,1.1974,1.1986,1.1881,-0.74%,0.48437823550141185
173,609,"Aug 31, 2017",1.1909999999999998,1.1884,1.1914,1.1823,0.23%,0.5610556208233178
174,608,"Sep 01, 2017",1.1859,1.1911,1.1981,1.185,-0.43%,0.869724939927707
175,607,"Sep 04, 2017",1.1896,1.1858,1.1923,1.1853,0.31%,0.6702771697262709
176,606,"Sep 05, 2017",1.1914,1.1896,1.1941,1.1868,0.15%,0.564346627712386
177,605,"Sep 06, 2017",1.1917,1.1914,1.1951,1.1903,0.03%,0.5486205771886569
178,604,"Sep 07, 2017",1.2023,1.1917,1.2061,1.1914,0.89%,0.6606588396863149
179,603,"Sep 08, 2017",1.2035,1.2024,1.2094,1.2016,0.10%,0.7821783231038231
180,602,"Sep 11, 2017",1.1953,1.2041,1.2041,1.1948,-0.68%,0.2760813184974481
181,601,"Sep 12, 2017",1.1967,1.1953,1.198,1.1926,0.12%,0.397191812031974
182,600,"Sep 13, 2017",1.1886,1.1967,1.1995,1.1872,-0.68%,0.48954140175514926
183,599,"Sep 14, 2017",1.1919,1.1884,1.1922,1.1837,0.28%,0.31409989995821214
184,598,"Sep 15, 2017",1.1943,1.1919,1.1988,1.1901,0.20%,0.37939897387232585
185,597,"Sep 18, 2017",1.1954,1.1949,1.1971,1.1915,0.09%,0.652953075157933
186,596,"Sep 19, 2017",1.1994,1.1955,1.2008,1.195,0.33%,1.1741508717959335
187,595,"Sep 20, 2017",1.1893,1.1994,1.2033,1.1862,-0.84%,0.7226114397518327
188,594,"Sep 21, 2017",1.1941,1.1894,1.1955,1.1866,0.40%,1.0482959343131857
189,593,"Sep 22, 2017",1.1954,1.1942,1.2006,1.1937,0.11%,1.3353421188815902
190,592,"Sep 25, 2017",1.1848,1.1953,1.1962,1.1833,-0.89%,0.6623843402509603
191,591,"Sep 26, 2017",1.1793,1.1848,1.1863,1.1758,-0.46%,0.32212939990129913
192,590,"Sep 27, 2017",1.1744,1.1792,1.1797,1.1717,-0.42%,0.29059869427422985
193,589,"Sep 28, 2017",1.1786,1.1746,1.1805,1.1721,0.36%,0.38574810526622827
194,588,"Sep 29, 2017",1.1814,1.1787,1.1834,1.1773,0.24%,0.6143808825499147
195,587,"Oct 02, 2017",1.1732,1.1818,1.1818,1.173,-0.69%,0.2681918295695932
196,586,"Oct 03, 2017",1.1744,1.1733,1.1775,1.1696,0.10%,0.4380166312953986
197,585,"Oct 04, 2017",1.176,1.1743,1.1788,1.1733,0.14%,0.45741434667647113
198,584,"Oct 05, 2017",1.1711,1.1758,1.178,1.1698,-0.42%,0.7843587581029944
199,583,"Oct 06, 2017",1.1734,1.171,1.1739,1.1668,0.20%,0.6598471348844784
200,582,"Oct 09, 2017",1.1741,1.1728,1.1758,1.1718,0.06%,0.6154875692115199
201,581,"Oct 10, 2017",1.1806,1.1739,1.1825,1.1738,0.55%,0.242043994276922
202,580,"Oct 11, 2017",1.1859,1.1808,1.1871,1.1795,0.45%,0.4491850901360012
203,579,"Oct 12, 2017",1.183,1.1862,1.1882,1.1826,-0.24%,0.31291099272960676
204,578,"Oct 13, 2017",1.1823,1.1829,1.1875,1.1804,-0.06%,0.3642454142309425
205,577,"Oct 16, 2017",1.1797,1.1825,1.1826,1.1781,-0.22%,0.2835047120714933
206,576,"Oct 17, 2017",1.1766,1.1797,1.1801,1.1735,-0.26%,0.33261343238458085
207,575,"Oct 18, 2017",1.1787,1.1764,1.1805,1.1729,0.18%,0.5149997808234815
208,574,"Oct 19, 2017",1.1852,1.1788,1.186,1.1768,0.55%,1.1241881201039567
209,573,"Oct 20, 2017",1.1785,1.1853,1.1859,1.1763,-0.57%,0.8452691816459951
210,572,"Oct 23, 2017",1.1749,1.1773,1.1779,1.1725,-0.31%,0.7446139461961776
211,571,"Oct 24, 2017",1.1761,1.1749,1.1794,1.1743,0.10%,0.9276162101339237
212,570,"Oct 25, 2017",1.1813,1.176,1.1819,1.1752,0.44%,1.3708628136054184
213,569,"Oct 26, 2017",1.165,1.1811,1.1837,1.1640000000000001,-1.38%,0.21331317132015706
214,568,"Oct 27, 2017",1.161,1.165,1.1659,1.1575,-0.34%,0.2384090069342737
215,567,"Oct 30, 2017",1.1651,1.1603,1.166,1.1594,0.35%,0.30376522073547546
216,566,"Oct 31, 2017",1.1646,1.1651,1.1663,1.1625,-0.04%,0.32028114846902817
217,565,"Nov 01, 2017",1.1619,1.1646,1.1659,1.1607,-0.23%,0.20304472087189804
218,564,"Nov 02, 2017",1.1658,1.1619,1.1689,1.1613,0.34%,0.38583760806315354
219,563,"Nov 03, 2017",1.1609,1.166,1.1692,1.1599,-0.42%,0.29688434373225214
220,562,"Nov 06, 2017",1.161,1.1609,1.1625,1.1579,0.01%,0.678545015201107
221,561,"Nov 07, 2017",1.1586,1.1609,1.1618,1.1554,-0.21%,1.0490003307545865
222,560,"Nov 08, 2017",1.1595,1.1586,1.1612,1.1579,0.08%,1.1429303520748537
223,559,"Nov 09, 2017",1.1642,1.1596,1.1657,1.1586,0.41%,0.9618970536628979
224,558,"Nov 10, 2017",1.1665,1.1642,1.168,1.1623,0.20%,0.8338986784991046
225,557,"Nov 13, 2017",1.1667,1.1666,1.1677,1.1638,0.02%,0.8512515174521261
226,556,"Nov 14, 2017",1.1798,1.1667,1.1807,1.166,1.12%,0.3099586143795068
227,555,"Nov 15, 2017",1.1792,1.1797,1.1861,1.1784,-0.05%,0.3420781789068661
228,554,"Nov 16, 2017",1.177,1.1792,1.1802,1.1756,-0.19%,0.6256424065480584
229,553,"Nov 17, 2017",1.1795,1.1771,1.1823,1.1766,0.21%,0.6402240461814266
230,552,"Nov 20, 2017",1.1732,1.1789,1.1808,1.1721,-0.53%,1.0235434262018446
231,551,"Nov 21, 2017",1.1738,1.1732,1.1759,1.1713,0.05%,1.0423030280258987
232,550,"Nov 22, 2017",1.1822,1.1738,1.1829,1.1733,0.72%,0.5154321683837685
233,549,"Nov 23, 2017",1.1851,1.1822,1.1857,1.1812,0.25%,0.3632868393485671
234,548,"Nov 24, 2017",1.193,1.185,1.1945,1.1836,0.67%,0.4712721809512386
235,547,"Nov 27, 2017",1.1898,1.1933,1.1962,1.1896,-0.27%,0.3500580046143026
236,546,"Nov 28, 2017",1.1841,1.1898,1.1921,1.1827,-0.48%,0.30914627510722426
237,545,"Nov 29, 2017",1.1847,1.1841,1.1884,1.1817,0.05%,0.3783528593189521
238,544,"Nov 30, 2017",1.1904,1.1847,1.1933,1.1809,0.48%,0.7521849359042666
239,543,"Dec 01, 2017",1.1891,1.1904,1.1942,1.1851,-0.11%,0.7724462902022091
240,542,"Dec 04, 2017",1.1866,1.1882,1.189,1.183,-0.21%,0.7160348773960172
241,541,"Dec 05, 2017",1.1826,1.1866,1.1879,1.1801,-0.34%,0.42847293310979784
242,540,"Dec 06, 2017",1.1796,1.1825,1.1849,1.178,-0.25%,0.2578713920206762
243,539,"Dec 07, 2017",1.1773,1.1796,1.1816,1.1772,-0.19%,0.209590000483861
244,538,"Dec 08, 2017",1.1764,1.1771,1.1778,1.1728,-0.08%,0.22636634080740456
245,537,"Dec 11, 2017",1.1768,1.1767,1.1812,1.1762,0.03%,0.31658626801830986
246,536,"Dec 12, 2017",1.1742,1.177,1.1794,1.1718,-0.22%,0.6136310694987972
247,535,"Dec 13, 2017",1.1826,1.1743,1.1832,1.1729,0.72%,0.3761843265125996
248,534,"Dec 14, 2017",1.1778,1.1826,1.1863,1.177,-0.41%,0.5433764978675536
249,533,"Dec 15, 2017",1.1754,1.1778,1.1814,1.1751,-0.20%,0.789499602048282
250,532,"Dec 18, 2017",1.1782,1.1753,1.1834,1.1737,0.24%,0.6334688829344878
251,531,"Dec 19, 2017",1.1840000000000002,1.1782,1.1851,1.1777,0.49%,0.24555572404780682
252,530,"Dec 20, 2017",1.1871,1.1840000000000002,1.1903,1.1829,0.26%,0.24183209850195297
253,529,"Dec 21, 2017",1.1873,1.1871,1.1889,1.1848,0.02%,0.46304992541832823
254,528,"Dec 22, 2017",1.1859,1.1874,1.1878,1.1817,-0.12%,0.7135166460841754
255,527,"Dec 25, 2017",1.1869,1.185,1.1882,1.1842,0.08%,0.8925546634110323
256,526,"Dec 26, 2017",1.1859,1.1867,1.1879,1.1845,-0.08%,1.0763143526846346
257,525,"Dec 27, 2017",1.1888,1.1859,1.1912,1.1855,0.24%,1.0425548877123167
258,524,"Dec 28, 2017",1.1943,1.1888,1.1961,1.1888,0.46%,0.7020081688107781
259,523,"Dec 29, 2017",1.1998,1.1943,1.203,1.1937,0.46%,0.33048889926902647
260,522,"Jan 01, 2018",1.2009999999999998,1.2003,1.2014,1.1995,0.10%,0.36374325391058876
261,521,"Jan 02, 2018",1.2059,1.2013,1.2084,1.2003,0.41%,0.61769445761745
262,520,"Jan 03, 2018",1.2014,1.2058,1.207,1.2001,-0.37%,0.3994719406279865
263,519,"Jan 04, 2018",1.2068,1.2015,1.209,1.2004,0.45%,0.7601303484465397
264,518,"Jan 05, 2018",1.203,1.2068,1.2085,1.2021,-0.31%,0.9858049787858554
265,517,"Jan 08, 2018",1.1967,1.2029,1.2054,1.1956,-0.52%,1.5080342532951296
266,516,"Jan 09, 2018",1.1937,1.1967,1.1977,1.1916,-0.25%,1.8594672417099356
267,515,"Jan 10, 2018",1.1947,1.1938,1.2019,1.1923,0.08%,2.0149964254202604
268,514,"Jan 11, 2018",1.2032,1.1946,1.206,1.1928,0.71%,1.5146669997839688
269,513,"Jan 12, 2018",1.2187,1.2033,1.219,1.2031,1.29%,0.44736180545062226
270,512,"Jan 15, 2018",1.2263,1.2198,1.2298,1.2188,0.62%,0.3002055396950358
271,511,"Jan 16, 2018",1.2261,1.2265,1.2284,1.2194,-0.02%,0.5399842274737362
272,510,"Jan 17, 2018",1.2186,1.226,1.2324,1.2176,-0.61%,1.0565314713567673
273,509,"Jan 18, 2018",1.2239,1.2186,1.2267,1.2165,0.43%,0.9303216925339409
274,508,"Jan 19, 2018",1.2222,1.2236,1.2296,1.2219,-0.14%,1.1484895504881703
275,507,"Jan 22, 2018",1.2262,1.2268,1.2276,1.2214,0.33%,0.9755360659140647
276,506,"Jan 23, 2018",1.2299,1.2263,1.2308,1.2223,0.30%,0.805623698969828
277,505,"Jan 24, 2018",1.2408,1.2299,1.2417,1.2293,0.89%,0.32732846817349015
278,504,"Jan 25, 2018",1.2396,1.2408,1.2537,1.2364,-0.10%,0.41814718238032655
279,503,"Jan 26, 2018",1.2421,1.2395,1.2495,1.2371,0.20%,0.3628132386592137
280,502,"Jan 29, 2018",1.2383,1.2427,1.2436,1.2336,-0.31%,0.47713378063455003
281,501,"Jan 30, 2018",1.2402,1.2383,1.2455,1.2335,0.15%,0.5818459548165985
282,500,"Jan 31, 2018",1.2421,1.2401,1.2476,1.2386,0.15%,0.8008907569726056
283,499,"Feb 01, 2018",1.251,1.2414,1.2524,1.2386,0.72%,1.4968911741168838
284,498,"Feb 02, 2018",1.2462,1.2508,1.2519,1.2409,-0.38%,1.2936067203978758
285,497,"Feb 05, 2018",1.2368,1.2455,1.2475,1.2362,-0.75%,0.6782570223569063
286,496,"Feb 06, 2018",1.2377,1.2367,1.2434,1.2314,0.07%,0.76656188457526
287,495,"Feb 07, 2018",1.2264,1.2378,1.2407,1.2247,-0.91%,0.9882194879459246
288,494,"Feb 08, 2018",1.2247,1.2264,1.2297,1.2212,-0.14%,1.1823131272810075
289,493,"Feb 09, 2018",1.2235,1.2245,1.2289,1.2206,-0.10%,1.3668615076237436
290,492,"Feb 12, 2018",1.2292,1.2253,1.2298,1.2234,0.47%,0.9864956974438026
291,491,"Feb 13, 2018",1.2352,1.2293,1.2373,1.2285,0.49%,0.6432584878173659
292,490,"Feb 14, 2018",1.245,1.2352,1.2467,1.2276,0.79%,0.750397833535796
293,489,"Feb 15, 2018",1.2506,1.2449,1.2511,1.2447,0.45%,1.2574438936712309
294,488,"Feb 16, 2018",1.2406,1.2506,1.2557,1.2394,-0.80%,0.6509379533558425
295,487,"Feb 19, 2018",1.2408,1.2409,1.2435,1.2368,0.02%,0.8534942903917442
296,486,"Feb 20, 2018",1.2338,1.2409,1.2414,1.232,-0.56%,0.5921357361995253
297,485,"Feb 21, 2018",1.2284,1.2338,1.2361,1.2281,-0.44%,0.37058258702403213
298,484,"Feb 22, 2018",1.2331,1.2283,1.2354,1.226,0.38%,0.5680720336396032
299,483,"Feb 23, 2018",1.2293,1.2329,1.2337,1.2279,-0.31%,0.4031989978517471
300,482,"Feb 26, 2018",1.2318,1.2299,1.2356,1.2278,0.20%,0.55734188712071
301,481,"Feb 27, 2018",1.2232,1.2317,1.2348,1.2221,-0.70%,0.8908856201771617
302,480,"Feb 28, 2018",1.2194,1.2232,1.2243,1.2188,-0.31%,1.1874074324559232
303,479,"Mar 01, 2018",1.2268,1.2193,1.2272,1.2153,0.61%,0.6889302322920283
304,478,"Mar 02, 2018",1.2317,1.2266,1.2336,1.225,0.40%,0.406638312430014
305,477,"Mar 05, 2018",1.2336,1.2323,1.2366,1.2268,0.15%,0.3738728840710352
306,476,"Mar 06, 2018",1.2404,1.2336,1.2422,1.2328,0.55%,0.47616027446355463
307,475,"Mar 07, 2018",1.2413,1.2404,1.2445,1.2385,0.07%,0.623923936121665
308,474,"Mar 08, 2018",1.2312,1.2411,1.2448,1.2298,-0.81%,0.30998257854927086
309,473,"Mar 09, 2018",1.2307,1.2312,1.2336,1.2273,-0.04%,0.3410203671967024
310,472,"Mar 12, 2018",1.2334,1.2311,1.2347,1.2291,0.22%,0.38220468225492893
311,471,"Mar 13, 2018",1.239,1.2334,1.2408,1.2314,0.45%,0.6513357910613164
312,470,"Mar 14, 2018",1.2367,1.239,1.2414,1.2347,-0.19%,0.5436575765190278
313,469,"Mar 15, 2018",1.2305,1.2366,1.2385,1.2299,-0.50%,0.28364001093507496
314,468,"Mar 16, 2018",1.2289,1.2305,1.2338,1.2261,-0.13%,0.572984631653759
315,467,"Mar 19, 2018",1.2335,1.2284,1.2361,1.2258,0.37%,0.4974807623928929
316,466,"Mar 20, 2018",1.2242,1.2335,1.2356,1.2239,-0.75%,0.9556862922167446
317,465,"Mar 21, 2018",1.2338,1.2242,1.2351,1.2241,0.78%,0.42189612467005405
318,464,"Mar 22, 2018",1.2302,1.2337,1.2389,1.2285,-0.29%,0.5594773617154913
319,463,"Mar 23, 2018",1.2353,1.2302,1.2375,1.2301,0.41%,0.4187093353391654
320,462,"Mar 26, 2018",1.2443,1.2348,1.2463,1.2341,0.73%,0.9791902703618838
321,461,"Mar 27, 2018",1.2403,1.2444,1.2478,1.2373,-0.32%,0.8012943205920415
322,460,"Mar 28, 2018",1.2308,1.2403,1.2424,1.23,-0.77%,0.2617467522921519
323,459,"Mar 29, 2018",1.2302,1.2308,1.2335,1.2282,-0.05%,0.24281541110471863
324,458,"Mar 30, 2018",1.2323,1.2301,1.2331,1.2293,0.17%,0.3598901498032136
325,457,"Apr 02, 2018",1.2302,1.2323,1.2346,1.2282,-0.17%,0.2927965843369417
326,456,"Apr 03, 2018",1.227,1.2304,1.2336,1.2253,-0.26%,0.44146478343367745
327,455,"Apr 04, 2018",1.2278,1.2269,1.2315,1.2256,0.07%,0.4323354502495167
328,454,"Apr 05, 2018",1.224,1.2278,1.2292,1.2218,-0.31%,0.7165429919987585
329,453,"Apr 06, 2018",1.2283,1.224,1.2292,1.2214,0.35%,0.5100809306334607
330,452,"Apr 09, 2018",1.2321,1.2279,1.2331,1.2261,0.31%,0.2967698287279013
331,451,"Apr 10, 2018",1.2356,1.232,1.2379,1.2303,0.28%,0.1574099100505721
332,450,"Apr 11, 2018",1.2367,1.2357,1.2397,1.2347,0.09%,0.18212180895330343
333,449,"Apr 12, 2018",1.2327,1.2368,1.2382,1.23,-0.32%,0.2855309686181993
334,448,"Apr 13, 2018",1.2331,1.2327,1.2348,1.2307,0.03%,0.4612424340840138
335,447,"Apr 16, 2018",1.238,1.2329999999999999,1.2395,1.2325,0.40%,0.7535097822306172
336,446,"Apr 17, 2018",1.237,1.2378,1.2413,1.2335,-0.08%,0.946487941366624
337,445,"Apr 18, 2018",1.2373,1.2369,1.2398,1.2343,0.02%,1.2690096016710888
338,444,"Apr 19, 2018",1.2346,1.2373,1.2402,1.2329,-0.22%,1.2809050238573196
339,443,"Apr 20, 2018",1.2288,1.2346,1.2354,1.225,-0.47%,1.1020763864348841
340,442,"Apr 23, 2018",1.2209,1.2289,1.2292,1.2198,-0.64%,0.8965279862263831
341,441,"Apr 24, 2018",1.2232,1.2209,1.2247,1.2182,0.19%,1.3524623738284876
342,440,"Apr 25, 2018",1.2161,1.2232,1.224,1.216,-0.58%,1.0461657062103344
343,439,"Apr 26, 2018",1.2103,1.2161,1.2211,1.2096,-0.48%,0.827320738379573
344,438,"Apr 27, 2018",1.213,1.2105,1.2135,1.2055,0.22%,1.1895373194763335
345,437,"Apr 30, 2018",1.2079,1.2125,1.2141,1.2064,-0.42%,1.0707572623048096
346,436,"May 01, 2018",1.1993,1.2076,1.2086,1.1981,-0.71%,0.6686099392156535
347,435,"May 02, 2018",1.1951,1.1992,1.2033,1.1938,-0.35%,0.46218607579756
348,434,"May 03, 2018",1.1988,1.1951,1.2009,1.1946,0.31%,0.6822493628290978
349,433,"May 04, 2018",1.196,1.1989,1.1997,1.1911,-0.23%,0.510845421352602
350,432,"May 07, 2018",1.1922,1.1953,1.198,1.1898,-0.32%,0.4030411726284852
351,431,"May 08, 2018",1.1864,1.1924,1.1941,1.1838,-0.49%,0.4164890416510479
352,430,"May 09, 2018",1.185,1.1863,1.1898,1.1822,-0.12%,0.4942089667892546
353,429,"May 10, 2018",1.1915,1.1852,1.1948,1.1843,0.55%,0.7216049800513219
354,428,"May 11, 2018",1.1944,1.1917,1.197,1.1891,0.24%,1.0178585341881463
355,427,"May 14, 2018",1.1927,1.1947,1.1998,1.1926,-0.14%,1.0138067947102143
356,426,"May 15, 2018",1.1838,1.1925,1.1939,1.1817,-0.75%,0.5709770652504446
357,425,"May 16, 2018",1.1807,1.1837,1.1854,1.1762,-0.26%,0.47149949797632273
358,424,"May 17, 2018",1.1795,1.1808,1.1839,1.1775,-0.10%,0.6100158750979187
359,423,"May 18, 2018",1.1778,1.1796,1.1825,1.1749,-0.14%,0.7175415587384719
360,422,"May 21, 2018",1.1791,1.1764,1.1797,1.1717,0.11%,1.1313626659200957
361,421,"May 22, 2018",1.1779,1.1792,1.183,1.1754,-0.10%,1.117321251296463
362,420,"May 23, 2018",1.1697,1.1778,1.179,1.1675,-0.70%,0.5945932394788991
363,419,"May 24, 2018",1.172,1.1695,1.175,1.1688,0.20%,0.7490434618680548
364,418,"May 25, 2018",1.1652,1.172,1.1735,1.1645,-0.58%,0.42783390987290004
365,417,"May 28, 2018",1.1623,1.1651,1.1729,1.1605,-0.25%,0.5584791222685509
366,416,"May 29, 2018",1.1540000000000001,1.1625,1.1641,1.1508,-0.71%,1.3268948542023151
367,415,"May 30, 2018",1.1663,1.1540000000000001,1.1678,1.1518,1.07%,0.6128463498958383
368,414,"May 31, 2018",1.1692,1.1665,1.1726,1.1641,0.25%,0.5159334625051223
369,413,"Jun 01, 2018",1.1661,1.1691,1.1718,1.1617,-0.27%,0.8126413528825064
370,412,"Jun 04, 2018",1.1699,1.1656,1.1744,1.1652,0.33%,0.5590116825965487
371,411,"Jun 05, 2018",1.1718,1.1698,1.1733,1.1652,0.16%,0.48382549028319216
372,410,"Jun 06, 2018",1.1773,1.1717,1.1797,1.1708,0.47%,0.669943179565791
373,409,"Jun 07, 2018",1.1799,1.1774,1.1842,1.1772,0.22%,0.9777650372567923
374,408,"Jun 08, 2018",1.1768,1.18,1.1812,1.1726,-0.26%,0.9485469918286862
375,407,"Jun 11, 2018",1.1784,1.1766,1.1822,1.1754,0.14%,1.208557293893862
376,406,"Jun 12, 2018",1.1745,1.1784,1.1811,1.1733,-0.33%,1.1167554729942157
377,405,"Jun 13, 2018",1.1791,1.1745,1.1803,1.1725,0.39%,1.5517498073674452
378,404,"Jun 14, 2018",1.1569,1.1791,1.1853,1.1562,-1.88%,0.38470759190114906
379,403,"Jun 15, 2018",1.1609,1.1568,1.1629,1.1543,0.35%,0.3753487706542646
380,402,"Jun 18, 2018",1.1623,1.1609,1.1625,1.1563,0.12%,0.36186424924396654
381,401,"Jun 19, 2018",1.159,1.1624,1.1646,1.153,-0.28%,0.4894188164463067
382,400,"Jun 20, 2018",1.1572,1.159,1.1602,1.1537,-0.16%,0.5803180634424044
383,399,"Jun 21, 2018",1.1603,1.1572,1.1635,1.1509,0.27%,0.5184806714306627
384,398,"Jun 22, 2018",1.1657,1.1604,1.1677,1.16,0.47%,0.4776547084087873
385,397,"Jun 25, 2018",1.1704,1.1659,1.1715,1.1627,0.40%,0.7258021461230099
386,396,"Jun 26, 2018",1.1647,1.1704,1.1722,1.1635,-0.49%,0.4155079808556001
387,395,"Jun 27, 2018",1.1554,1.1647,1.1674,1.1541,-0.80%,0.8323287605827089
388,394,"Jun 28, 2018",1.1569,1.1555,1.1602,1.1527,0.13%,0.9270640470883009
389,393,"Jun 29, 2018",1.1685,1.1569,1.1692,1.1558,1.00%,0.35132418946033944
390,392,"Jul 02, 2018",1.1641,1.1651,1.1699,1.159,-0.38%,0.6239170062206184
391,391,"Jul 03, 2018",1.1657,1.1641,1.1675,1.1621,0.14%,0.5223255044423775
392,390,"Jul 04, 2018",1.1656,1.1658,1.1684,1.1629,-0.01%,0.5313907858226146
393,389,"Jul 05, 2018",1.1691,1.1655,1.1722,1.1649,0.30%,0.32700798820986804
394,388,"Jul 06, 2018",1.1747,1.169,1.1769,1.1679,0.48%,0.40942490678472954
395,387,"Jul 09, 2018",1.1751,1.1748,1.1792,1.1731,0.03%,0.5221747928971383
396,386,"Jul 10, 2018",1.1744,1.1751,1.1764,1.169,-0.06%,0.5814023006032903
397,385,"Jul 11, 2018",1.1674,1.1745,1.176,1.1665,-0.60%,0.19895153021759773
398,384,"Jul 12, 2018",1.1672,1.1674,1.1697,1.1648,-0.02%,0.25016129033665585
399,383,"Jul 13, 2018",1.1685,1.1669,1.1688,1.161,0.11%,0.25785766207100635
400,382,"Jul 16, 2018",1.171,1.1676,1.1726,1.1674,0.21%,0.3670372486996668
401,381,"Jul 17, 2018",1.1661,1.1711,1.1746,1.165,-0.42%,0.3299733658847714
402,380,"Jul 18, 2018",1.1639,1.166,1.1665,1.1601,-0.19%,0.4538461645837492
403,379,"Jul 19, 2018",1.1643,1.1639,1.168,1.1574,0.03%,0.4310224800138988
404,378,"Jul 20, 2018",1.172,1.1644,1.1740000000000002,1.1626,0.66%,0.3528782244440371
405,377,"Jul 23, 2018",1.1692,1.173,1.1752,1.1682,-0.24%,0.23054215648807508
406,376,"Jul 24, 2018",1.1686,1.1692,1.1719,1.1654,-0.05%,0.23982114148344955
407,375,"Jul 25, 2018",1.1728,1.1684,1.1739,1.1663,0.36%,0.639194693235974
408,374,"Jul 26, 2018",1.1643,1.1728,1.1744,1.1639,-0.72%,0.41118987214930136
409,373,"Jul 27, 2018",1.1658,1.1643,1.1665,1.1621,0.13%,0.5422170404591611
410,372,"Jul 30, 2018",1.1706,1.166,1.1721,1.1648,0.41%,0.8609426176924356
411,371,"Jul 31, 2018",1.1691,1.1706,1.1745,1.1682,-0.13%,0.8012179862641186
412,370,"Aug 01, 2018",1.166,1.1691,1.1701,1.1656,-0.27%,0.7209948515208149
413,369,"Aug 02, 2018",1.1584,1.166,1.1669,1.1582,-0.65%,0.6132095735146257
414,368,"Aug 03, 2018",1.1567,1.1583,1.1611,1.1559,-0.15%,0.7595278607381071
415,367,"Aug 06, 2018",1.1554,1.1571,1.1574,1.1527,-0.11%,0.9899467242745634
416,366,"Aug 07, 2018",1.1599,1.1555,1.161,1.1547,0.39%,1.4801090996352124
417,365,"Aug 08, 2018",1.1611,1.1598,1.1629,1.1571,0.10%,1.736782123282761
418,364,"Aug 09, 2018",1.1527,1.1609,1.162,1.1525,-0.72%,1.155740054042504
419,363,"Aug 10, 2018",1.1411,1.1526,1.1537,1.1384,-1.01%,0.41488229911948654
420,362,"Aug 13, 2018",1.1409,1.1389,1.1434,1.1364,-0.02%,0.6762866008024113
421,361,"Aug 14, 2018",1.1344,1.141,1.1431,1.133,-0.57%,1.266197464771304
422,360,"Aug 15, 2018",1.1345,1.1344,1.1357,1.1299,0.01%,1.4157014729247235
423,359,"Aug 16, 2018",1.1377,1.1345,1.1411,1.1335,0.28%,1.4383775457144732
424,358,"Aug 17, 2018",1.1439,1.1377,1.1447,1.1365,0.54%,1.2587515588588574
425,357,"Aug 20, 2018",1.1481,1.1442,1.1486,1.1394,0.37%,1.1855580774623524
426,356,"Aug 21, 2018",1.1571,1.1482,1.1602,1.1479,0.78%,0.7303926639654202
427,355,"Aug 22, 2018",1.1597,1.157,1.1624,1.1551,0.22%,0.6353434392741714
428,354,"Aug 23, 2018",1.1539,1.1596,1.1601,1.153,-0.50%,1.0386197259557752
429,353,"Aug 24, 2018",1.1623,1.1540000000000001,1.1641,1.1533,0.73%,0.43897792344999914
430,352,"Aug 27, 2018",1.1678,1.1631,1.1694,1.1592,0.47%,0.4496244422957733
431,351,"Aug 28, 2018",1.1695,1.1678,1.1735,1.1662,0.15%,0.575840358706602
432,350,"Aug 29, 2018",1.1708,1.1695,1.1712,1.1652,0.11%,0.7174218328639751
433,349,"Aug 30, 2018",1.1671,1.1707,1.172,1.1641,-0.32%,0.5893611693261697
434,348,"Aug 31, 2018",1.1601,1.1671,1.1692,1.1585,-0.60%,0.2177770624602654
435,347,"Sep 03, 2018",1.1624,1.1596,1.1629,1.1583,0.20%,0.2912485519637612
436,346,"Sep 04, 2018",1.1582,1.1623,1.1629,1.1528,-0.36%,0.27987155315229234
437,345,"Sep 05, 2018",1.1629,1.1581,1.1640000000000001,1.1542,0.41%,0.344949031849624
438,344,"Sep 06, 2018",1.1622,1.1629,1.166,1.1603,-0.06%,0.33283301083112893
439,343,"Sep 07, 2018",1.1553,1.1624,1.1651,1.155,-0.59%,0.7426103407581084
440,342,"Sep 10, 2018",1.1594,1.156,1.1617,1.1526,0.35%,0.5149872430059766
441,341,"Sep 11, 2018",1.1607,1.1594,1.1645,1.1565,0.11%,0.477596676196608
442,340,"Sep 12, 2018",1.1626,1.1604,1.1651,1.157,0.16%,0.5999181118688196
443,339,"Sep 13, 2018",1.169,1.1627,1.1703,1.1608,0.55%,0.40429586515858534
444,338,"Sep 14, 2018",1.163,1.169,1.1724,1.1619,-0.51%,0.7687942353005005
445,337,"Sep 17, 2018",1.1683,1.1623,1.1699,1.1617,0.46%,0.5199164810905997
446,336,"Sep 18, 2018",1.1667,1.1684,1.1726,1.1651,-0.14%,0.6634466342366054
447,335,"Sep 19, 2018",1.1673,1.1667,1.1716,1.1648,0.05%,0.6285603645690709
448,334,"Sep 20, 2018",1.1777,1.1671,1.1786,1.1665,0.89%,0.7153598830010156
449,333,"Sep 21, 2018",1.175,1.1776,1.1804,1.1731,-0.23%,0.8005301224873692
450,332,"Sep 24, 2018",1.1748,1.1751,1.1817,1.1723,-0.02%,1.0189647430470197
451,331,"Sep 25, 2018",1.1772,1.1748,1.1793,1.173,0.20%,1.5025355875371629
452,330,"Sep 26, 2018",1.1740000000000002,1.1767,1.1799,1.1726,-0.27%,1.4730176670287758
453,329,"Sep 27, 2018",1.1641,1.1740000000000002,1.1759,1.1637,-0.84%,0.8576571754556205
454,328,"Sep 28, 2018",1.1609,1.1641,1.1652,1.1567,-0.27%,0.7395227855513375
455,327,"Oct 01, 2018",1.1578,1.1609,1.163,1.1563,-0.27%,0.5923526375678039
456,326,"Oct 02, 2018",1.1548,1.1578,1.1582,1.1506,-0.26%,0.3851708503831208
457,325,"Oct 03, 2018",1.1478,1.1548,1.1595,1.1465,-0.61%,0.4544386364679707
458,324,"Oct 04, 2018",1.1515,1.1478,1.1543,1.1464,0.32%,0.3250205618317331
459,323,"Oct 05, 2018",1.1524,1.1513,1.155,1.1483,0.08%,0.35388448918694393
460,322,"Oct 08, 2018",1.1492,1.1520000000000001,1.1536,1.1459,-0.28%,0.5761835861316841
461,321,"Oct 09, 2018",1.149,1.1491,1.1504,1.143,-0.02%,0.5913067972659004
462,320,"Oct 10, 2018",1.1520000000000001,1.1491,1.1547,1.1479,0.26%,0.4484340289165618
463,319,"Oct 11, 2018",1.1594,1.1519,1.16,1.1517,0.64%,0.6212675155780236
464,318,"Oct 12, 2018",1.1563,1.1592,1.1611,1.1534,-0.27%,0.5494207445911533
465,317,"Oct 15, 2018",1.1579,1.1559,1.1608,1.1537,0.14%,0.7352261036529966
466,316,"Oct 16, 2018",1.1575,1.158,1.1623,1.1564,-0.03%,0.9256854869119568
467,315,"Oct 17, 2018",1.1501,1.1575,1.1585,1.1495,-0.64%,0.5897348588140661
468,314,"Oct 18, 2018",1.1453,1.15,1.1528,1.1448,-0.42%,0.4234216088171361
469,313,"Oct 19, 2018",1.1515,1.1451,1.1536,1.1433,0.54%,0.8782645459773062
470,312,"Oct 22, 2018",1.1465,1.1507,1.1552,1.1455,-0.43%,0.6612701573683141
471,311,"Oct 23, 2018",1.1471,1.1466,1.1495,1.1438,0.05%,0.8773746221320721
472,310,"Oct 24, 2018",1.1392,1.147,1.1477,1.1378,-0.69%,0.3272877420900116
473,309,"Oct 25, 2018",1.1376,1.1392,1.1434,1.1355,-0.14%,0.27932490969031565
474,308,"Oct 26, 2018",1.1403,1.1376,1.1422,1.1334,0.24%,0.37748686426719463
475,307,"Oct 29, 2018",1.1373,1.1408,1.1418,1.1361,-0.26%,0.3344220481577285
476,306,"Oct 30, 2018",1.1344,1.1372,1.1387,1.1338,-0.25%,0.523428468806021
477,305,"Oct 31, 2018",1.1312,1.1345,1.1363,1.1301,-0.28%,0.7683541001946287
478,304,"Nov 01, 2018",1.1409,1.1311,1.1426,1.1306,0.86%,0.3062561679644459
479,303,"Nov 02, 2018",1.1387,1.1408,1.1458,1.1372,-0.19%,0.6232706190894579
480,302,"Nov 05, 2018",1.1407,1.1391,1.1425,1.1356,0.18%,0.7904836808056744
481,301,"Nov 06, 2018",1.1427,1.1406,1.1440000000000001,1.1389,0.18%,0.9825651256580725
482,300,"Nov 07, 2018",1.1426,1.1427,1.1502,1.1395,-0.01%,1.0282193721488888
483,299,"Nov 08, 2018",1.1363,1.1425,1.1448,1.1352,-0.55%,0.6153246614881692
484,298,"Nov 09, 2018",1.1336,1.1364,1.1371,1.1315,-0.24%,0.6450958689239668
485,297,"Nov 12, 2018",1.1218,1.1331,1.1333,1.1214,-1.04%,1.2844425238524535
486,296,"Nov 13, 2018",1.1291,1.1219,1.1296,1.1216,0.65%,0.8189441371381285
487,295,"Nov 14, 2018",1.131,1.129,1.1349,1.1262,0.17%,0.7607634692955763
488,294,"Nov 15, 2018",1.1328,1.1309,1.1364,1.1271,0.16%,0.6309169627544373
489,293,"Nov 16, 2018",1.1420000000000001,1.133,1.1423,1.1320000000000001,0.81%,0.4629282701777834
490,292,"Nov 19, 2018",1.1453,1.1403,1.1467,1.1393,0.29%,0.8654096995429544
491,291,"Nov 20, 2018",1.1371,1.1453,1.1473,1.1357,-0.72%,0.35221149229620446
492,290,"Nov 21, 2018",1.1385,1.1371,1.1426,1.1363,0.12%,0.413956981054882
493,289,"Nov 22, 2018",1.1408,1.1382,1.1434,1.1378,0.20%,0.6247643456412394
494,288,"Nov 23, 2018",1.1341,1.1403,1.1422,1.1325,-0.59%,0.2798696349784309
495,287,"Nov 26, 2018",1.1328,1.1343,1.1385,1.1323,-0.11%,0.3049797237910078
496,286,"Nov 27, 2018",1.1288,1.1326,1.1344,1.1276,-0.35%,0.5671616038738615
497,285,"Nov 28, 2018",1.1366,1.1291,1.1387,1.1264,0.69%,0.2180354200388786
498,284,"Nov 29, 2018",1.1393,1.1367,1.1403,1.1348,0.24%,0.3711467482114619
499,283,"Nov 30, 2018",1.1317,1.1395,1.1402,1.1304,-0.67%,0.35978432360886614
500,282,"Dec 03, 2018",1.1354,1.1315,1.1382,1.1315,0.33%,0.1726225354706421
501,281,"Dec 04, 2018",1.1345,1.1354,1.1421,1.1318,-0.08%,0.19827627817015028
502,280,"Dec 05, 2018",1.1344,1.1342,1.1361,1.1309,-0.01%,0.21190637640907142
503,279,"Dec 06, 2018",1.1376,1.1345,1.1414,1.1321,0.28%,0.3103623280859962
504,278,"Dec 07, 2018",1.1378,1.1377,1.1425,1.1359,0.02%,0.3383600677551081
505,277,"Dec 10, 2018",1.1356,1.1401,1.1444,1.1349,-0.19%,0.21332453792815784
506,276,"Dec 11, 2018",1.1316,1.1361,1.1402,1.1304,-0.35%,0.3608069222798512
507,275,"Dec 12, 2018",1.1368,1.1317,1.1388,1.1312,0.46%,0.3351468491371465
508,274,"Dec 13, 2018",1.1363,1.1369,1.1396,1.133,-0.04%,0.33753073855082466
509,273,"Dec 14, 2018",1.1309,1.1362,1.1374,1.1268,-0.48%,0.6635843006031232
510,272,"Dec 17, 2018",1.1347,1.1308,1.136,1.1299,0.34%,0.39992379829123614
511,271,"Dec 18, 2018",1.1361,1.1346,1.1402,1.1336,0.12%,0.3179022425584558
512,270,"Dec 19, 2018",1.1377,1.1361,1.1442,1.136,0.14%,0.314538742251635
513,269,"Dec 20, 2018",1.1446,1.1377,1.1487,1.1371,0.61%,0.5123128906122206
514,268,"Dec 21, 2018",1.1369,1.1447,1.1477,1.1353,-0.67%,0.4695580373265754
515,267,"Dec 24, 2018",1.14,1.137,1.1439,1.135,0.27%,0.4059666885411623
516,266,"Dec 25, 2018",1.1362,1.14,1.1429,1.1361,-0.33%,0.6034761850060064
517,265,"Dec 26, 2018",1.1353,1.1363,1.1423,1.1342,-0.08%,0.6736600293275768
518,264,"Dec 27, 2018",1.143,1.1353,1.1457,1.1349,0.68%,0.37572307732762883
519,263,"Dec 28, 2018",1.1438,1.1429,1.1478,1.1424,0.07%,0.4173838893219614
520,262,"Dec 31, 2018",1.147,1.1443,1.147,1.1421,0.28%,0.5551874768036206
521,261,"Jan 01, 2019",1.1464,1.1466,1.1481,1.1425,-0.05%,0.5820900425925666
522,260,"Jan 02, 2019",1.1343,1.1464,1.1499,1.1325,-1.06%,1.0401610796133136
523,259,"Jan 03, 2019",1.1394,1.1345,1.1413,1.1309,0.45%,0.7274558970540888
524,258,"Jan 04, 2019",1.1395,1.1393,1.1422,1.1345,0.01%,0.7700643252832693
525,257,"Jan 07, 2019",1.1476,1.1392,1.1485,1.1392,0.71%,0.3252424970664327
526,256,"Jan 08, 2019",1.1442,1.1476,1.1487,1.1422,-0.30%,0.4420512056676935
527,255,"Jan 09, 2019",1.1543,1.1444,1.1556,1.1435,0.88%,0.860308802827559
528,254,"Jan 10, 2019",1.15,1.1542,1.1572,1.1485,-0.37%,0.7167002129531498
529,253,"Jan 11, 2019",1.1469,1.1499,1.1542,1.1457,-0.27%,0.6113632290871439
530,252,"Jan 14, 2019",1.1477,1.1471,1.1485,1.1440000000000001,0.07%,0.7724090759975384
531,251,"Jan 15, 2019",1.1417,1.1473,1.1494,1.1381,-0.52%,0.3444713026118011
532,250,"Jan 16, 2019",1.14,1.1414,1.1429,1.1377,-0.15%,0.38389453823750114
533,249,"Jan 17, 2019",1.1398,1.1396,1.141,1.1369,-0.02%,0.3753451360184246
534,248,"Jan 18, 2019",1.1363,1.1389,1.1413,1.1352,-0.31%,0.35425985403769
535,247,"Jan 21, 2019",1.1366,1.1371,1.1409,1.1355,0.03%,0.4107233884696052
536,246,"Jan 22, 2019",1.1359,1.1365,1.1386,1.1334,-0.06%,0.5932098099847051
537,245,"Jan 23, 2019",1.1381,1.1358,1.1397,1.1348,0.19%,0.5357031533039518
538,244,"Jan 24, 2019",1.1306,1.138,1.1398,1.1287,-0.66%,1.1394335255320334
539,243,"Jan 25, 2019",1.1415,1.1306,1.1421,1.1298,0.96%,0.29461536085501966
540,242,"Jan 28, 2019",1.1434,1.1404,1.1445,1.1388,0.17%,0.1820793022043038
541,241,"Jan 29, 2019",1.1432,1.1428,1.1453,1.141,-0.02%,0.2994984095928586
542,240,"Jan 30, 2019",1.1479,1.1433,1.1503,1.1404,0.41%,0.6595848647861973
543,239,"Jan 31, 2019",1.1446,1.148,1.1517,1.1434,-0.29%,0.5967859988795412
544,238,"Feb 01, 2019",1.1456,1.1447,1.149,1.1433,0.09%,0.8873873444085345
545,237,"Feb 04, 2019",1.1438,1.1457,1.1467,1.1421,-0.16%,0.8514428304374188
546,236,"Feb 05, 2019",1.1415,1.1442,1.1456,1.14,-0.20%,0.8431014219243648
547,235,"Feb 06, 2019",1.1362,1.1406,1.1420000000000001,1.1359,-0.46%,0.5042354860862287
548,234,"Feb 07, 2019",1.1341,1.136,1.1375,1.1322,-0.18%,0.3914215572073105
549,233,"Feb 08, 2019",1.133,1.1346,1.1355,1.1320000000000001,-0.10%,0.3223478289497135
550,232,"Feb 11, 2019",1.1276,1.1328,1.1331,1.1264,-0.48%,0.31654076441247264
551,231,"Feb 12, 2019",1.1325,1.128,1.1342,1.1256,0.43%,0.24606650076834785
552,230,"Feb 13, 2019",1.1267,1.1326,1.1346,1.126,-0.51%,0.4625599312474724
553,229,"Feb 14, 2019",1.1301,1.1262,1.1313,1.1247,0.30%,0.2595185575626722
554,228,"Feb 15, 2019",1.1295,1.1295,1.1313,1.1233,-0.05%,0.3698682322822904
555,227,"Feb 18, 2019",1.1311,1.1288,1.1337,1.1284,0.14%,0.355291862742643
556,226,"Feb 19, 2019",1.1341,1.131,1.1358,1.1274,0.27%,0.19054918247926836
557,225,"Feb 20, 2019",1.1337,1.1342,1.1374,1.1324,-0.04%,0.24043420958700384
558,224,"Feb 21, 2019",1.1336,1.1338,1.1368,1.1320000000000001,-0.01%,0.28240464057587283
559,223,"Feb 22, 2019",1.1343,1.1337,1.136,1.1315,0.06%,0.23126577752460822
560,222,"Feb 25, 2019",1.1359,1.1338,1.1369,1.1323,0.14%,0.2185500704553669
561,221,"Feb 26, 2019",1.1387,1.1366,1.1404,1.1343,0.25%,0.41364462674917235
562,220,"Feb 27, 2019",1.1369,1.1396,1.1404,1.136,-0.16%,0.6573725095417478
563,219,"Feb 28, 2019",1.1371,1.1371,1.1421,1.1357,0.02%,0.797411566241939
564,218,"Mar 01, 2019",1.1377,1.1372,1.141,1.1353,0.05%,0.9377262674856793
565,217,"Mar 04, 2019",1.1340000000000001,1.138,1.1398,1.1309,-0.33%,0.7024216186994678
566,216,"Mar 05, 2019",1.1308,1.1339,1.1353,1.129,-0.28%,0.49421970548763094
567,215,"Mar 06, 2019",1.1307,1.1313,1.1328,1.1286,-0.01%,0.4889104081041938
568,214,"Mar 07, 2019",1.1194,1.1306,1.1322,1.1176,-1.00%,0.833432773768988
569,213,"Mar 08, 2019",1.124,1.1194,1.1248,1.1185,0.41%,0.5890343961793071
570,212,"Mar 11, 2019",1.1249,1.124,1.126,1.1222,0.08%,0.6264273342532218
571,211,"Mar 12, 2019",1.1288,1.1249,1.1309,1.1244,0.35%,0.5348916338238184
572,210,"Mar 13, 2019",1.1327,1.1288,1.1341,1.1277,0.35%,0.3520490452499033
573,209,"Mar 14, 2019",1.1304,1.133,1.1343,1.1294,-0.20%,0.48540318628319595
574,208,"Mar 15, 2019",1.1325,1.1304,1.1345,1.1295,0.19%,0.35881690940594724
575,207,"Mar 18, 2019",1.1337,1.1322,1.136,1.1316,0.11%,0.3908493613010648
576,206,"Mar 19, 2019",1.1352,1.1338,1.1364,1.1334,0.13%,0.5343712656435309
577,205,"Mar 20, 2019",1.1414,1.1352,1.145,1.1336,0.55%,1.0901485501595916
578,204,"Mar 21, 2019",1.1375,1.1413,1.1440000000000001,1.1342,-0.34%,0.962386439272366
579,203,"Mar 22, 2019",1.1314,1.1376,1.1393,1.1272,-0.54%,0.6220754185836492
580,202,"Mar 25, 2019",1.1313,1.1294,1.1334,1.1284,-0.01%,0.714625048401225
581,201,"Mar 26, 2019",1.1266,1.1313,1.1329,1.1263,-0.42%,0.3707899622617721
582,200,"Mar 27, 2019",1.1247,1.1266,1.1286,1.124,-0.17%,0.24444612976769342
583,199,"Mar 28, 2019",1.1222,1.1244,1.1264,1.1214,-0.22%,0.08433628879523503
584,198,"Mar 29, 2019",1.1218,1.122,1.1248,1.1208,-0.04%,0.16409406991666545
585,197,"Apr 01, 2019",1.1213,1.1217,1.125,1.1202,-0.04%,0.24866142983106798
586,196,"Apr 02, 2019",1.1204,1.1217,1.122,1.1183,-0.08%,0.38499055371582575
587,195,"Apr 03, 2019",1.1235,1.1204,1.1256,1.12,0.28%,0.20906630225318498
588,194,"Apr 04, 2019",1.1221,1.1233,1.1249,1.1205,-0.12%,0.39544974124113
589,193,"Apr 05, 2019",1.1216,1.1223,1.1246,1.121,-0.04%,0.5329508870302816
590,192,"Apr 08, 2019",1.1261,1.1218,1.1277,1.1213,0.40%,0.2281859982452368
591,191,"Apr 09, 2019",1.1263,1.1272,1.1287,1.1255,0.02%,0.24518064352730315
592,190,"Apr 10, 2019",1.1274,1.1261,1.1286,1.1228,0.10%,0.23412582854451688
593,189,"Apr 11, 2019",1.1253,1.1274,1.1293,1.1249,-0.19%,0.3144730221021938
594,188,"Apr 12, 2019",1.1302,1.1255,1.1327,1.1253,0.44%,0.3411766643324039
595,187,"Apr 15, 2019",1.1309,1.13,1.1323,1.1296,0.06%,0.47333714769028246
596,186,"Apr 16, 2019",1.1281,1.1304,1.1315,1.1279,-0.25%,0.5127286129929146
597,185,"Apr 17, 2019",1.1297,1.1282,1.1326,1.128,0.14%,0.825325530149565
598,184,"Apr 18, 2019",1.1231,1.1297,1.1307,1.1226,-0.58%,0.5157693993909389
599,183,"Apr 19, 2019",1.1248,1.124,1.1255,1.1229,0.15%,0.6417873931041618
600,182,"Apr 22, 2019",1.1258,1.1246,1.1265,1.1237,0.09%,0.7231760686011871
601,181,"Apr 23, 2019",1.1227,1.1259,1.1264,1.1192,-0.28%,0.5125591292125072
602,180,"Apr 24, 2019",1.1154,1.1229,1.1233,1.1141,-0.65%,0.30101376895933285
603,179,"Apr 25, 2019",1.1132,1.1159999999999999,1.1164,1.1118,-0.20%,0.49940884758891024
604,178,"Apr 26, 2019",1.1149,1.113,1.1175,1.1111,0.15%,0.4083933854282659
605,177,"Apr 29, 2019",1.1186,1.1153,1.1191,1.114,0.33%,0.1346060649587274
606,176,"Apr 30, 2019",1.1217,1.1185,1.1232,1.1176,0.28%,0.2049628362489428
607,175,"May 01, 2019",1.1196,1.1215,1.1267,1.1188,-0.19%,0.10980722693794398
608,174,"May 02, 2019",1.1179,1.1202,1.1221,1.1172,-0.15%,0.26767790077379827
609,173,"May 03, 2019",1.1202,1.1178,1.1208,1.1135,0.21%,0.15818644123075448
610,172,"May 06, 2019",1.12,1.1173,1.1212,1.1159999999999999,-0.02%,0.16690186271706037
611,171,"May 07, 2019",1.1191,1.1198,1.1222,1.1165,-0.08%,0.22087761762681538
612,170,"May 08, 2019",1.1192,1.1189,1.1215,1.1181,0.01%,0.2225041786205597
613,169,"May 09, 2019",1.1222,1.1194,1.1254,1.1174,0.27%,0.2877086298224018
614,168,"May 10, 2019",1.1235,1.1215,1.1255,1.1214,0.12%,0.4244323824453263
615,167,"May 13, 2019",1.1224,1.1241,1.1266,1.1221,-0.10%,0.40751913893562813
616,166,"May 14, 2019",1.1204,1.1224,1.1247,1.12,-0.18%,0.31367903659368507
617,165,"May 15, 2019",1.1202,1.1205,1.1226,1.1177,-0.02%,0.30794837190967767
618,164,"May 16, 2019",1.1174,1.1202,1.1227,1.1166,-0.25%,0.1450157144232742
619,163,"May 17, 2019",1.1158,1.1176,1.1186,1.1155,-0.14%,0.22670189694904114
620,162,"May 20, 2019",1.1171,1.1158,1.1177,1.1148,0.12%,0.16984751554033148
621,161,"May 21, 2019",1.1159999999999999,1.1171,1.1189,1.1142,-0.10%,0.2333438726331318
622,160,"May 22, 2019",1.1153,1.1166,1.1179999999999999,1.1145,-0.06%,0.2724434403140432
623,159,"May 23, 2019",1.1179999999999999,1.115,1.1187,1.1106,0.24%,0.26748309706045786
624,158,"May 24, 2019",1.1204,1.1183,1.1215,1.1175,0.21%,0.4160881164807133
625,157,"May 27, 2019",1.1199,1.1197,1.1218,1.1186,-0.04%,0.4301218335016929
626,156,"May 28, 2019",1.1159999999999999,1.1198,1.1202,1.1158,-0.35%,0.485019308310316
627,155,"May 29, 2019",1.1131,1.1162,1.1175,1.1124,-0.26%,0.8128904126893173
628,154,"May 30, 2019",1.1131,1.113,1.1144,1.1115,0.00%,1.0636096969125033
629,153,"May 31, 2019",1.1169,1.1134,1.1181,1.1125,0.34%,0.9232812947620553
630,152,"Jun 03, 2019",1.1241,1.1168,1.1263,1.1155,0.64%,0.5205385166037011
631,151,"Jun 04, 2019",1.1252,1.1241,1.1278,1.1226,0.10%,0.47309494353433146
632,150,"Jun 05, 2019",1.1221,1.1251,1.1308,1.1219,-0.28%,0.7104460375830581
633,149,"Jun 06, 2019",1.1276,1.1229,1.131,1.1214,0.49%,0.3757311132372276
634,148,"Jun 07, 2019",1.1333,1.1276,1.1349,1.1251,0.51%,0.6149400460020985
635,147,"Jun 10, 2019",1.1315,1.1324,1.1333,1.1291,-0.16%,0.6506293309966926
636,146,"Jun 11, 2019",1.1332,1.1313,1.1340000000000001,1.1302,0.15%,0.8408580617111739
637,145,"Jun 12, 2019",1.1289,1.1326,1.1345,1.1282,-0.38%,0.5270324970137403
638,144,"Jun 13, 2019",1.1277,1.1287,1.1305,1.1268,-0.11%,0.5432139363122228
639,143,"Jun 14, 2019",1.1209,1.1282,1.1291,1.1202,-0.60%,0.8826393400420571
640,142,"Jun 17, 2019",1.1218,1.1215,1.1247,1.1203,0.08%,0.9722308450383959
641,141,"Jun 18, 2019",1.1193,1.1219,1.1244,1.1181,-0.22%,1.284921984387926
642,140,"Jun 19, 2019",1.1226,1.1193,1.1254,1.1187,0.29%,1.1426036985810921
643,139,"Jun 20, 2019",1.1292,1.1225,1.1318,1.1225,0.59%,0.6755517759746971
644,138,"Jun 21, 2019",1.1368,1.1292,1.1379,1.1283,0.67%,0.2936205009218914
645,137,"Jun 24, 2019",1.1398,1.1361,1.1405,1.1361,0.26%,0.563808151236346
646,136,"Jun 25, 2019",1.1367,1.14,1.1414,1.1344,-0.27%,0.4863183578053242
647,135,"Jun 26, 2019",1.1369,1.1365,1.1392,1.1347,0.02%,0.5705303292659994
648,134,"Jun 27, 2019",1.137,1.1369,1.1383,1.1348,0.01%,0.7497953218389091
649,133,"Jun 28, 2019",1.137,1.1371,1.1395,1.1351,0.00%,0.9097696071054181
650,132,"Jul 01, 2019",1.1285,1.1375,1.1375,1.128,-0.75%,0.4013391387171617
651,131,"Jul 02, 2019",1.1285,1.1286,1.1321,1.1275,0.00%,0.4171817547850896
652,130,"Jul 03, 2019",1.1278,1.1284,1.1311,1.1268,-0.06%,0.3810375395278016
653,129,"Jul 04, 2019",1.1285,1.1277,1.1296,1.1272,0.06%,0.4318213581671105
654,128,"Jul 05, 2019",1.1226,1.1285,1.1289,1.1207,-0.52%,0.23575281587433397
655,127,"Jul 08, 2019",1.1215,1.1221,1.1235,1.1205,-0.10%,0.2989208972368682
656,126,"Jul 09, 2019",1.1208,1.1215,1.1221,1.1194,-0.06%,0.3488144369424835
657,125,"Jul 10, 2019",1.1251,1.1208,1.1265,1.1202,0.38%,0.19769063712917942
658,124,"Jul 11, 2019",1.1254,1.1251,1.1287,1.1245,0.03%,0.22795712725489445
659,123,"Jul 12, 2019",1.1271,1.1254,1.1277,1.1238,0.15%,0.3694250273097343
660,122,"Jul 15, 2019",1.1258,1.1268,1.1285,1.1252,-0.12%,0.4547991069999595
661,121,"Jul 16, 2019",1.1211,1.1258,1.1265,1.1202,-0.42%,0.3830774325002976
662,120,"Jul 17, 2019",1.1224,1.121,1.1234,1.1199,0.12%,0.4864561922122514
663,119,"Jul 18, 2019",1.1277,1.1224,1.1282,1.1205,0.47%,0.9526326279932402
664,118,"Jul 19, 2019",1.1222,1.1277,1.1283,1.1204,-0.49%,0.6043780059815821
665,117,"Jul 22, 2019",1.121,1.1218,1.1227,1.1206,-0.11%,0.5462629539231328
666,116,"Jul 23, 2019",1.1153,1.121,1.1211,1.1146,-0.51%,0.28089088492773356
667,115,"Jul 24, 2019",1.1141,1.1152,1.1159999999999999,1.1127,-0.11%,0.2995838662288645
668,114,"Jul 25, 2019",1.1147,1.1142,1.1189,1.1102,0.05%,0.35240743732801405
669,113,"Jul 26, 2019",1.1127,1.1147,1.1152,1.1112,-0.18%,0.3624745774598486
670,112,"Jul 29, 2019",1.1144,1.1126,1.1151,1.1112,0.15%,0.4283549935873869
671,111,"Jul 30, 2019",1.1155,1.1144,1.1162,1.1132,0.10%,0.4722633848001022
672,110,"Jul 31, 2019",1.1076,1.1155,1.1163,1.1059,-0.71%,0.8244260740749517
673,109,"Aug 01, 2019",1.1085,1.1076,1.1097,1.1027,0.08%,0.8540311176535879
674,108,"Aug 02, 2019",1.1109,1.1087,1.1118,1.107,0.22%,0.7560288408443936
675,107,"Aug 05, 2019",1.1202,1.1101,1.1213,1.1101,0.84%,0.13521603044037855
676,106,"Aug 06, 2019",1.12,1.1203,1.1251,1.1168,-0.02%,0.2423905707231917
677,105,"Aug 07, 2019",1.1199,1.1199,1.1243,1.1179999999999999,-0.01%,0.3911925458426488
678,104,"Aug 08, 2019",1.1179999999999999,1.1199,1.1233,1.1177,-0.17%,0.43749962650774094
679,103,"Aug 09, 2019",1.12,1.1181,1.1224,1.1179999999999999,0.18%,0.6782272892113068
680,102,"Aug 12, 2019",1.1214,1.1204,1.1232,1.1162,0.12%,0.8645172673125312
681,101,"Aug 13, 2019",1.1171,1.1214,1.1229,1.1171,-0.38%,0.61245934949771
682,100,"Aug 14, 2019",1.1139,1.117,1.1191,1.113,-0.29%,0.4181032775723036
683,99,"Aug 15, 2019",1.1107,1.1138,1.1159,1.109,-0.29%,0.21021242930779271
684,98,"Aug 16, 2019",1.109,1.1106,1.1113,1.1066,-0.15%,0.20018382413912536
685,97,"Aug 19, 2019",1.1078,1.1092,1.1115,1.1076,-0.11%,0.2561159227136966
686,96,"Aug 20, 2019",1.11,1.1079,1.1107,1.1065,0.20%,0.1917459157999374
687,95,"Aug 21, 2019",1.1085,1.11,1.1109,1.1081,-0.14%,0.23313425497938986
688,94,"Aug 22, 2019",1.1079,1.1084,1.1114,1.1063,-0.05%,0.3908707393081105
689,93,"Aug 23, 2019",1.1144,1.1079,1.1154,1.1051,0.59%,0.9029858015977125
690,92,"Aug 26, 2019",1.1102,1.1147,1.1166,1.1094,-0.38%,0.7565514915341164
691,91,"Aug 27, 2019",1.1091,1.1101,1.1116,1.1084,-0.10%,0.7089553487648851
692,90,"Aug 28, 2019",1.1078,1.109,1.1099,1.1072,-0.12%,0.6348604004751898
693,89,"Aug 29, 2019",1.1057,1.1078,1.1093,1.1042,-0.19%,0.4943946354992805
694,88,"Aug 30, 2019",1.0991,1.1058,1.1062,1.0963,-0.60%,0.3331076681565408
695,87,"Sep 02, 2019",1.0968,1.099,1.1,1.0958,-0.21%,0.5422491231242765
696,86,"Sep 03, 2019",1.0974,1.097,1.0979999999999999,1.0926,0.05%,0.5108546661029642
697,85,"Sep 04, 2019",1.1035,1.0974,1.1038,1.0969,0.56%,0.1403054757572696
698,84,"Sep 05, 2019",1.1035,1.1037,1.1086,1.1017,0.00%,0.19610249405514174
699,83,"Sep 06, 2019",1.1029,1.1035,1.1058,1.102,-0.05%,0.24035505177604682
700,82,"Sep 09, 2019",1.1048,1.1024,1.1069,1.1016,0.17%,0.24584446290050635
701,81,"Sep 10, 2019",1.1043,1.1045,1.1059,1.103,-0.05%,0.2483022144878765
702,80,"Sep 11, 2019",1.101,1.1043,1.1056,1.0984,-0.30%,0.3827051295732148
703,79,"Sep 12, 2019",1.1063,1.1011,1.1088,1.0927,0.48%,0.2971153693410457
704,78,"Sep 13, 2019",1.1075,1.1064,1.1111,1.1055,0.11%,0.46402402374824314
705,77,"Sep 16, 2019",1.1002,1.1087,1.1093,1.0994,-0.66%,0.3074073546142201
706,76,"Sep 17, 2019",1.1073,1.1,1.1076,1.099,0.65%,0.6106722213820505
707,75,"Sep 18, 2019",1.103,1.1072,1.1076,1.1013,-0.39%,0.4961849817468103
708,74,"Sep 19, 2019",1.1041,1.1029,1.1074,1.1022,0.10%,0.6624115389267863
709,73,"Sep 20, 2019",1.1018,1.1041,1.1069,1.0995,-0.21%,0.6475698099637057
710,72,"Sep 23, 2019",1.0993,1.1016,1.1027,1.0966,-0.23%,0.5276980931512122
711,71,"Sep 24, 2019",1.102,1.0994,1.1026,1.0984,0.25%,0.7511115581293536
712,70,"Sep 25, 2019",1.0943,1.102,1.1025,1.0938,-0.70%,0.1957502606778139
713,69,"Sep 26, 2019",1.0922,1.0942,1.0968,1.0908,-0.19%,0.29595541177590967
714,68,"Sep 27, 2019",1.0939,1.092,1.0959,1.0904,0.16%,0.2502100208937565
715,67,"Sep 30, 2019",1.09,1.094,1.0949,1.0885,-0.36%,0.5272750001430402
716,66,"Oct 01, 2019",1.0932,1.0901,1.0944,1.0879,0.29%,0.3017868720752841
717,65,"Oct 02, 2019",1.0959,1.0932,1.0964,1.0903,0.25%,0.18624036447210351
718,64,"Oct 03, 2019",1.0966,1.0959,1.1001,1.0941,0.06%,0.3018564223547335
719,63,"Oct 04, 2019",1.0978,1.0964,1.0999,1.0957,0.11%,0.3091548637933962
720,62,"Oct 07, 2019",1.0971,1.0975,1.1001,1.0961,-0.06%,0.4032266221966063
721,61,"Oct 08, 2019",1.0956,1.0971,1.0997,1.0941,-0.14%,0.6438828591256727
722,60,"Oct 09, 2019",1.0971,1.0957,1.0991,1.0952,0.14%,0.7475520563120375
723,59,"Oct 10, 2019",1.1006,1.0972,1.1036,1.0971,0.32%,0.7528506617017753
724,58,"Oct 11, 2019",1.1042,1.1006,1.1064,1.1001,0.33%,0.6491382968038732
725,57,"Oct 14, 2019",1.1029,1.1043,1.1049,1.1012,-0.12%,0.8012893678587629
726,56,"Oct 15, 2019",1.1033,1.1029,1.1047,1.0991,0.04%,0.8417205876950723
727,55,"Oct 16, 2019",1.1072,1.1033,1.1087,1.1022,0.35%,0.5477679942641878
728,54,"Oct 17, 2019",1.1124,1.1073,1.1141,1.1065,0.47%,0.24548516446407878
729,53,"Oct 18, 2019",1.1171,1.1126,1.1174,1.1115,0.42%,0.5019712165824797
730,52,"Oct 21, 2019",1.1149,1.1142,1.1179999999999999,1.1136,-0.20%,0.36285370927161487
731,51,"Oct 22, 2019",1.1125,1.1149,1.1158,1.1117,-0.22%,0.21274011099303758
732,50,"Oct 23, 2019",1.1131,1.1124,1.114,1.1105,0.05%,0.25076929791342756
733,49,"Oct 24, 2019",1.1104,1.113,1.1162,1.1092,-0.24%,0.323724681667047
734,48,"Oct 25, 2019",1.1079999999999999,1.1105,1.1124,1.1073,-0.22%,0.49879860057887143
735,47,"Oct 28, 2019",1.11,1.1082,1.1109,1.1076,0.18%,0.3610996278089305
736,46,"Oct 29, 2019",1.1112,1.1099,1.112,1.1074,0.11%,0.33532778353498144
737,45,"Oct 30, 2019",1.115,1.1112,1.1153,1.1079999999999999,0.34%,0.5173329975318365
738,44,"Oct 31, 2019",1.1152,1.1151,1.1176,1.1131,0.02%,0.6971807574399284
739,43,"Nov 01, 2019",1.1167,1.1152,1.1173,1.1128,0.13%,0.9196738527338388
740,42,"Nov 04, 2019",1.1128,1.1167,1.1177,1.1125,-0.35%,0.7433641620521471
741,41,"Nov 05, 2019",1.1075,1.1126,1.114,1.1062,-0.48%,0.413523176249728
742,40,"Nov 06, 2019",1.1067,1.1075,1.1095,1.1065,-0.07%,0.38557425410790264
743,39,"Nov 07, 2019",1.105,1.1065,1.1092,1.1035,-0.15%,0.2554171675736052
744,38,"Nov 08, 2019",1.1018,1.105,1.1057,1.1017,-0.29%,0.23073289228578697
745,37,"Nov 11, 2019",1.1033,1.1022,1.1044,1.1016,0.14%,0.2505729885714776
746,36,"Nov 12, 2019",1.1009,1.1033,1.104,1.1003,-0.22%,0.4206794660677371
747,35,"Nov 13, 2019",1.1007,1.101,1.1021,1.0994,-0.02%,0.47020002680727396
748,34,"Nov 14, 2019",1.1023,1.1006,1.1029,1.0989,0.15%,0.3458743703446665
749,33,"Nov 15, 2019",1.1052,1.1022,1.1059,1.1015,0.26%,0.21211490992486925
750,32,"Nov 18, 2019",1.1072,1.1052,1.1092,1.1048,0.18%,0.3164074949753363
751,31,"Nov 19, 2019",1.1079,1.1071,1.1084,1.1062,0.06%,0.45216736933318313
752,30,"Nov 20, 2019",1.1073,1.1078,1.1082,1.1052,-0.05%,0.46375623865140725
753,29,"Nov 21, 2019",1.1059,1.1074,1.1098,1.1052,-0.13%,0.3841693785378139
754,28,"Nov 22, 2019",1.1024,1.1059,1.1087,1.1015,-0.32%,0.21792269344368817
755,27,"Nov 25, 2019",1.1014,1.1024,1.1033,1.1003,-0.09%,0.3306003387101013
756,26,"Nov 26, 2019",1.102,1.1014,1.1027,1.1007,0.05%,0.3659619246521008
757,25,"Nov 27, 2019",1.0999,1.1019,1.1025,1.0991,-0.19%,0.6064554699963831
758,24,"Nov 28, 2019",1.1009,1.0999,1.102,1.0999,0.09%,0.5612677520492511
759,23,"Nov 29, 2019",1.1017,1.1009,1.103,1.0981,0.07%,0.5255080835240835
760,22,"Dec 02, 2019",1.1079,1.1014,1.1091,1.1003,0.56%,0.13048860271505283
761,21,"Dec 03, 2019",1.1083,1.1079,1.1095,1.1066,0.04%,0.20777707613575108
762,20,"Dec 04, 2019",1.1078,1.1082,1.1117,1.1067,-0.05%,0.28271022661966394
763,19,"Dec 05, 2019",1.1104,1.1079,1.111,1.1078,0.23%,0.24983024545281501
764,18,"Dec 06, 2019",1.1059,1.1106,1.1111,1.104,-0.41%,0.5107388938030594
765,17,"Dec 09, 2019",1.1064,1.1056,1.1079999999999999,1.1052,0.05%,0.5571386707994709
766,16,"Dec 10, 2019",1.1093,1.1064,1.1098,1.1062,0.26%,0.33681676178255965
767,15,"Dec 11, 2019",1.113,1.1092,1.1146,1.107,0.33%,0.10898693217997062
768,14,"Dec 12, 2019",1.113,1.113,1.1156,1.1103,0.00%,0.20462982842710611
769,13,"Dec 13, 2019",1.1121,1.113,1.1201,1.1112,-0.08%,0.22255355071057517
770,12,"Dec 16, 2019",1.1144,1.1123,1.1159999999999999,1.1123,0.21%,0.37119492591000414
771,11,"Dec 17, 2019",1.115,1.1142,1.1176,1.1128,0.05%,0.4593544518563863
772,10,"Dec 18, 2019",1.1113,1.115,1.1156,1.1111,-0.33%,0.1922751022435795
773,9,"Dec 19, 2019",1.1122,1.1113,1.1146,1.1108,0.08%,0.3173956903147255
774,8,"Dec 20, 2019",1.1079,1.1121,1.1126,1.1065,-0.39%,0.5358506899851386
775,7,"Dec 23, 2019",1.1088,1.1081,1.1097,1.107,0.08%,0.6443117296438956
776,6,"Dec 24, 2019",1.1088,1.1089,1.1095,1.1069,0.00%,0.0
777,5,"Dec 25, 2019",1.1091,1.1088,1.1106,1.1072,0.03%,0.0
778,4,"Dec 26, 2019",1.1098,1.1092,1.1111,1.1082,0.06%,0.0
779,3,"Dec 27, 2019",1.1177,1.1097,1.1188,1.1096,0.71%,0.0
780,2,"Dec 30, 2019",1.1199,1.1175,1.1224,1.1171,0.20%,0.0
781,1,"Dec 31, 2019",1.1212,1.1198,1.1241,1.1198,0.12%,0.0
