,order,Date,Price,Open,High,Low,Vol.,Change %,volatility
0,791,"Jan 02, 2017",54.03,54.09,54.18,54.01,-,0.58%,2.979965611153873
1,790,"Jan 03, 2017",52.33,54.2,55.24,52.11,727.79K,-3.15%,2.0541979616682227
2,789,"Jan 04, 2017",53.26,52.49,53.43,52.15,512.64K,1.78%,2.1883638157498155
3,788,"Jan 05, 2017",53.76,53.39,54.12,52.79,517.36K,0.94%,2.87405806758921
4,787,"Jan 06, 2017",53.99,53.73,54.32,53.32,528.33K,0.43%,3.3685949350207296
5,786,"Jan 09, 2017",51.96,53.75,53.83,51.76,564.89K,-3.76%,1.3028637999911068
6,785,"Jan 10, 2017",50.82,51.83,52.37,50.71,632.57K,-2.19%,3.1153395011118485
7,784,"Jan 11, 2017",52.25,50.81,52.78,50.75,815.85K,2.81%,1.0549158090432857
8,783,"Jan 12, 2017",53.01,52.37,53.5,52.12,660.70K,1.45%,1.9731981735304316
9,782,"Jan 13, 2017",52.37,53.05,53.17,52.27,477.99K,-1.21%,1.1875739396957201
10,781,"Jan 15, 2017",52.45,52.53,52.56,52.39,-,0.15%,1.2769394710315767
11,780,"Jan 16, 2017",52.52,52.46,52.72,52.13,-,0.13%,1.4205184656202998
12,779,"Jan 17, 2017",52.48,52.55,53.52,52.12,606.02K,-0.08%,1.4097482643642472
13,778,"Jan 18, 2017",51.08,52.52,52.79,50.91,236.24K,-2.67%,3.2386909559658688
14,777,"Jan 19, 2017",51.37,51.39,51.87,51.02,122.59K,0.57%,3.0545930384769395
15,776,"Jan 20, 2017",52.42,51.45,52.9,51.39,-,2.04%,1.3001771247711829
16,775,"Jan 23, 2017",52.75,53.33,53.47,52.21,455.33K,0.63%,0.8598841015297051
17,774,"Jan 24, 2017",53.18,52.86,53.56,52.67,520.29K,0.82%,0.8629990310509043
18,773,"Jan 25, 2017",52.75,52.95,53.47,52.56,589.71K,-0.81%,1.2729684901762703
19,772,"Jan 26, 2017",53.78,52.96,54.06,52.79,578.07K,1.95%,1.1560110282355196
20,771,"Jan 27, 2017",53.17,53.74,54.08,52.58,495.56K,-1.13%,0.8773872020495758
21,770,"Jan 30, 2017",52.63,53.15,53.46,52.41,486.31K,-1.02%,1.4751030896916113
22,769,"Jan 31, 2017",52.81,52.6,53.56,52.24,586.68K,0.34%,1.3175022750841827
23,768,"Feb 01, 2017",53.88,52.76,53.91,52.64,577.24K,2.03%,1.8486838387673679
24,767,"Feb 02, 2017",53.54,53.57,54.34,53.35,492.55K,-0.63%,1.425228089857272
25,766,"Feb 03, 2017",53.83,53.68,54.22,53.4,462.62K,0.54%,1.877222859902644
26,765,"Feb 06, 2017",53.01,53.81,54.13,52.91,425.09K,-1.52%,0.9878671557293844
27,764,"Feb 07, 2017",52.17,53.14,53.24,51.63,624.06K,-1.58%,1.7887622560736336
28,763,"Feb 08, 2017",52.34,51.64,52.67,51.22,767.38K,0.33%,1.6884639736557603
29,762,"Feb 09, 2017",53.0,52.37,53.21,52.37,610.20K,1.26%,0.7432416000749559
30,761,"Feb 10, 2017",53.86,53.15,54.13,52.9,596.45K,1.62%,1.071065395916362
31,760,"Feb 13, 2017",52.93,53.8,53.95,52.77,586.03K,-1.73%,1.0905392276350867
32,759,"Feb 14, 2017",53.2,52.91,53.72,52.86,493.02K,0.51%,0.9410035880267517
33,758,"Feb 15, 2017",53.11,53.0,53.51,52.73,463.64K,-0.17%,1.1210676442556369
34,757,"Feb 16, 2017",53.36,53.01,53.59,52.68,343.36K,0.47%,1.0718029974906182
35,756,"Feb 17, 2017",53.4,53.47,53.52,52.88,195.35K,0.07%,1.096357015515703
36,755,"Feb 19, 2017",53.79,53.86,53.96,53.78,-,0.73%,0.5830441041024864
37,754,"Feb 20, 2017",53.97,53.78,54.24,53.73,-,0.33%,0.4380800599420752
38,753,"Feb 21, 2017",54.06,53.48,54.68,53.35,44.05K,0.17%,0.46027712542186666
39,752,"Feb 22, 2017",53.59,54.26,54.6,53.35,499.48K,-0.87%,1.0709253642033447
40,751,"Feb 23, 2017",54.45,53.91,54.94,53.87,529.88K,1.60%,1.641131800733329
41,750,"Feb 24, 2017",53.99,54.33,54.51,53.76,395.26K,-0.84%,1.211272315422262
42,749,"Feb 27, 2017",54.05,54.02,54.61,53.94,394.38K,0.11%,1.4318482620221737
43,748,"Feb 28, 2017",54.01,54.04,54.23,53.18,593.91K,-0.07%,2.9508778328687213
44,747,"Mar 01, 2017",53.83,53.95,54.44,53.63,491.29K,-0.33%,4.2079735372305285
45,746,"Mar 02, 2017",52.61,53.69,53.8,52.54,638.39K,-2.27%,4.228332316319116
46,745,"Mar 03, 2017",53.33,52.58,53.39,52.55,436.36K,1.37%,6.075598801662757
47,744,"Mar 06, 2017",53.2,53.19,53.56,52.76,503.69K,-0.24%,7.074368496873196
48,743,"Mar 07, 2017",53.14,53.17,53.8,52.71,494.68K,-0.11%,7.6229239482765605
49,742,"Mar 08, 2017",50.28,52.79,52.92,50.05,963.39K,-5.38%,3.2462961968646566
50,741,"Mar 09, 2017",49.28,50.22,50.84,48.59,1.07M,-1.99%,1.6341033017419089
51,740,"Mar 10, 2017",48.49,49.61,50.11,48.31,796.96K,-1.60%,0.7647142180960691
52,739,"Mar 13, 2017",48.4,48.45,48.68,47.9,601.36K,-0.19%,1.1308225966695233
53,738,"Mar 14, 2017",47.72,48.45,48.79,47.09,857.71K,-1.40%,1.5803059640488588
54,737,"Mar 15, 2017",48.86,48.76,49.04,48.16,655.79K,2.39%,1.687101718874424
55,736,"Mar 16, 2017",48.75,49.01,49.62,48.45,516.85K,-0.23%,1.6419228316645542
56,735,"Mar 17, 2017",48.78,48.79,49.2,48.6,172.34K,0.06%,1.8756447281469406
57,734,"Mar 20, 2017",48.22,48.7,48.74,47.84,142.26K,-1.15%,0.9282057212175308
58,733,"Mar 21, 2017",47.34,47.93,48.73,47.23,28.08K,-1.82%,2.103063534373231
59,732,"Mar 22, 2017",48.04,48.16,48.32,47.01,680.85K,1.48%,2.2004969308769753
60,731,"Mar 23, 2017",47.7,48.15,48.48,47.58,499.88K,-0.71%,3.4748568835407476
61,730,"Mar 24, 2017",47.97,47.67,48.2,47.54,421.03K,0.57%,3.5520530551658673
62,729,"Mar 27, 2017",47.73,48.12,48.28,47.08,466.18K,-0.50%,4.742655745227034
63,728,"Mar 28, 2017",48.37,47.89,48.74,47.8,502.38K,1.34%,4.17109497176964
64,727,"Mar 29, 2017",49.51,48.47,49.63,48.38,548.62K,2.36%,2.6689573256076735
65,726,"Mar 30, 2017",50.35,49.6,50.47,49.27,580.67K,1.70%,1.9243632991125044
66,725,"Mar 31, 2017",50.6,50.32,50.85,49.9,527.61K,0.50%,2.4396167736458403
67,724,"Apr 03, 2017",50.24,50.69,50.83,50.12,440.72K,-0.71%,3.80906172314294
68,723,"Apr 04, 2017",51.03,50.24,51.3,49.88,532.05K,1.57%,2.9694538907918324
69,722,"Apr 05, 2017",51.15,51.18,51.88,50.74,651.40K,0.24%,3.1559034731797997
70,721,"Apr 06, 2017",51.7,50.8,51.82,50.77,473.02K,1.08%,2.331078230928999
71,720,"Apr 07, 2017",52.24,51.7,52.94,51.49,796.44K,1.04%,1.4267570650410468
72,719,"Apr 10, 2017",53.08,52.31,53.18,52.29,565.44K,1.61%,1.9780436639428651
73,718,"Apr 11, 2017",53.4,53.13,53.45,52.7,598.00K,0.60%,3.183803846021469
74,717,"Apr 12, 2017",53.11,53.4,53.76,52.71,629.81K,-0.54%,3.7712188557309347
75,716,"Apr 13, 2017",53.18,52.85,53.39,52.82,480.84K,0.13%,4.774348773541382
76,715,"Apr 17, 2017",52.65,52.97,53.21,52.55,326.34K,-1.00%,4.598448229093516
77,714,"Apr 18, 2017",52.41,52.75,52.85,52.1,202.04K,-0.46%,4.688350413532434
78,713,"Apr 19, 2017",50.44,52.36,52.65,50.09,133.17K,-3.76%,1.8004474175784566
79,712,"Apr 20, 2017",50.27,50.63,50.97,50.18,33.75K,-0.34%,1.6819526416493393
80,711,"Apr 21, 2017",49.62,50.71,50.93,49.2,687.47K,-1.29%,0.8586491315731779
81,710,"Apr 24, 2017",49.23,49.68,50.22,49.03,517.90K,-0.79%,1.3199089482973076
82,709,"Apr 25, 2017",49.56,49.22,49.83,48.87,587.24K,0.67%,2.096997019830636
83,708,"Apr 26, 2017",49.62,49.36,50.2,48.94,655.72K,0.12%,3.8090927149060065
84,707,"Apr 27, 2017",48.97,49.22,49.43,48.2,771.19K,-1.31%,3.6732961011836824
85,706,"Apr 28, 2017",49.33,49.27,49.76,48.8,633.99K,0.74%,4.717384662277558
86,705,"May 01, 2017",48.84,49.17,49.32,48.59,364.39K,-0.99%,4.571107688723287
87,704,"May 02, 2017",47.66,48.78,49.28,47.35,702.38K,-2.42%,2.685713723595522
88,703,"May 03, 2017",47.82,48.12,48.23,47.3,691.32K,0.34%,2.9346679572890046
89,702,"May 04, 2017",45.52,47.6,47.75,45.29,943.96K,-4.81%,3.2629071776099767
90,701,"May 05, 2017",46.22,45.51,46.68,43.76,1.02M,1.54%,3.0074117124475657
91,700,"May 08, 2017",46.43,46.35,46.98,45.73,785.06K,0.45%,3.244986380451605
92,699,"May 09, 2017",45.88,46.49,46.78,45.53,701.94K,-1.18%,4.975163531157905
93,698,"May 10, 2017",47.33,46.18,47.78,46.01,819.80K,3.16%,2.731235483782824
94,697,"May 11, 2017",47.83,47.39,48.22,47.34,661.78K,1.06%,2.7176607464080864
95,696,"May 12, 2017",47.84,47.81,48.07,47.35,537.49K,0.02%,3.5365820969442736
96,695,"May 15, 2017",48.85,47.85,49.66,47.75,687.15K,2.11%,2.781505006623879
97,694,"May 16, 2017",48.66,48.82,49.38,48.17,589.21K,-0.39%,3.717367442524701
98,693,"May 17, 2017",49.07,48.23,49.5,48.03,650.11K,0.84%,3.0280553299750497
99,692,"May 18, 2017",49.35,48.93,49.6,48.05,242.75K,0.57%,2.631382258021535
100,691,"May 19, 2017",50.33,49.28,50.53,49.28,146.45K,1.99%,1.6789569227658543
101,690,"May 22, 2017",50.73,50.6,51.06,50.44,30.01K,0.79%,1.8789476294795722
102,689,"May 23, 2017",51.47,51.04,51.79,50.57,584.14K,1.46%,3.0519642430678626
103,688,"May 24, 2017",51.36,51.44,51.88,51.03,736.34K,-0.21%,3.6474302957945306
104,687,"May 25, 2017",48.9,51.25,52.0,48.45,1.15M,-4.79%,1.591961541537805
105,686,"May 26, 2017",49.8,48.75,49.94,48.18,763.92K,1.84%,2.2656974523100164
106,685,"May 28, 2017",49.94,49.93,50.04,49.85,-,0.28%,3.106731231105851
107,684,"May 29, 2017",49.97,49.95,50.29,49.52,-,0.06%,3.4263471844308966
108,683,"May 30, 2017",49.66,49.93,50.28,49.03,663.49K,-0.62%,4.187990670613629
109,682,"May 31, 2017",48.32,49.65,49.71,47.73,779.14K,-2.70%,3.0539213955481124
110,681,"Jun 01, 2017",48.36,48.63,49.17,47.9,774.48K,0.08%,3.683266141694865
111,680,"Jun 02, 2017",47.66,48.04,48.19,46.74,802.66K,-1.45%,2.9712997560155388
112,679,"Jun 05, 2017",47.4,47.71,48.42,46.86,710.20K,-0.55%,2.7199181314859535
113,678,"Jun 06, 2017",48.19,47.4,48.4,46.94,825.06K,1.67%,4.808702460545771
114,677,"Jun 07, 2017",45.72,47.98,48.23,45.65,1.18M,-5.13%,1.493412949703549
115,676,"Jun 08, 2017",45.64,45.85,46.18,45.2,927.70K,-0.17%,1.642272541756662
116,675,"Jun 09, 2017",45.83,45.71,46.18,45.27,735.93K,0.42%,2.2421338620057734
117,674,"Jun 12, 2017",46.08,45.8,46.71,45.66,666.77K,0.55%,3.4841954711799006
118,673,"Jun 13, 2017",46.46,46.01,46.57,45.56,783.32K,0.82%,5.205089358443243
119,672,"Jun 14, 2017",44.73,45.94,46.49,44.54,924.41K,-3.72%,2.8535184580564597
120,671,"Jun 15, 2017",44.46,44.69,44.81,44.22,500.94K,-0.60%,2.7474481606275174
121,670,"Jun 16, 2017",44.74,44.25,44.94,44.24,191.82K,0.63%,3.4105636106246693
122,669,"Jun 19, 2017",44.2,44.68,45.06,44.05,123.94K,-1.21%,2.4113110830310425
123,668,"Jun 20, 2017",43.23,44.11,44.4,42.75,29.57K,-2.19%,1.7706030941137814
124,667,"Jun 21, 2017",42.53,43.38,44.2,42.05,1.07M,-1.62%,3.3916718235878967
125,666,"Jun 22, 2017",42.74,42.55,43.32,42.26,668.83K,0.49%,4.187171085389101
126,665,"Jun 23, 2017",43.01,42.8,43.2,42.53,690.91K,0.63%,5.123657812424367
127,664,"Jun 26, 2017",43.38,43.16,43.65,42.63,661.35K,0.86%,5.49297471723187
128,663,"Jun 27, 2017",44.24,43.49,44.44,43.32,759.12K,1.98%,3.9262196582222093
129,662,"Jun 28, 2017",44.74,43.7,44.9,43.67,753.38K,1.13%,3.1186360083307822
130,661,"Jun 29, 2017",44.93,44.89,45.45,44.65,768.95K,0.42%,2.8564422513927026
131,660,"Jun 30, 2017",46.04,44.89,46.35,44.88,677.41K,2.47%,2.505331101224186
132,659,"Jul 03, 2017",47.07,46.28,47.1,45.92,517.62K,2.24%,4.053684578023655
133,658,"Jul 04, 2017",47.13,47.06,47.31,46.74,-,0.13%,4.356703572781773
134,657,"Jul 05, 2017",45.13,47.04,47.32,44.51,1.17M,-4.24%,1.3334961297604049
135,656,"Jul 06, 2017",45.52,45.65,46.53,45.18,969.68K,0.86%,1.7621313383264947
136,655,"Jul 07, 2017",44.23,45.35,45.42,43.78,975.91K,-2.83%,3.224165693992291
137,654,"Jul 10, 2017",44.4,44.35,44.84,43.65,848.57K,0.38%,3.364848497338813
138,653,"Jul 11, 2017",45.04,44.58,45.81,43.83,1.01M,1.44%,2.7412268890709326
139,652,"Jul 12, 2017",45.49,45.74,46.48,45.11,963.51K,1.00%,2.1835545762033237
140,651,"Jul 13, 2017",46.08,45.44,46.28,44.99,748.97K,1.30%,1.1598140178775924
141,650,"Jul 14, 2017",46.54,46.08,46.74,45.8,742.90K,1.00%,0.9337002493965771
142,649,"Jul 17, 2017",46.02,46.68,46.88,45.89,560.63K,-1.12%,1.9451404130842727
143,648,"Jul 18, 2017",46.4,45.99,46.92,45.81,208.42K,0.83%,2.418297170045466
144,647,"Jul 19, 2017",47.12,46.25,47.26,46.14,140.68K,1.55%,2.469211120629649
145,646,"Jul 20, 2017",46.79,47.09,47.55,46.66,23.24K,-0.70%,3.6019962762888227
146,645,"Jul 21, 2017",45.77,46.91,47.21,45.54,769.44K,-2.18%,6.357849523757263
147,644,"Jul 24, 2017",46.34,45.62,46.53,45.4,707.91K,1.25%,5.73725997425886
148,643,"Jul 25, 2017",47.89,46.46,48.66,46.38,885.70K,3.34%,3.06440615958707
149,642,"Jul 26, 2017",48.75,48.51,48.87,47.86,887.86K,1.80%,1.5456146284549122
150,641,"Jul 27, 2017",49.04,48.7,49.24,48.25,880.76K,0.59%,1.1775738578447905
151,640,"Jul 28, 2017",49.71,49.17,49.81,48.86,771.23K,1.37%,0.8011389157811275
152,639,"Jul 31, 2017",50.17,49.85,50.41,49.18,781.54K,0.93%,1.6180046905923462
153,638,"Aug 01, 2017",49.16,50.21,50.43,48.37,1.01M,-2.01%,0.5911617396234592
154,637,"Aug 02, 2017",49.59,48.8,49.65,48.55,847.72K,0.87%,0.9430711667893236
155,636,"Aug 03, 2017",49.03,49.59,49.96,48.78,837.76K,-1.13%,0.7593501838596968
156,635,"Aug 04, 2017",49.58,48.95,49.64,48.5,745.66K,1.12%,1.8236167122805333
157,634,"Aug 07, 2017",49.39,49.59,49.73,48.54,831.37K,-0.38%,2.1190799489055987
158,633,"Aug 08, 2017",49.17,49.31,49.79,48.86,924.24K,-0.45%,2.6003858776860183
159,632,"Aug 09, 2017",49.56,49.0,49.72,48.9,858.25K,0.79%,3.6764319479335805
160,631,"Aug 10, 2017",48.59,49.68,50.22,48.35,1.14M,-1.96%,2.1538567348940982
161,630,"Aug 11, 2017",48.82,48.52,48.98,47.98,804.24K,0.47%,2.7348994075575903
162,629,"Aug 14, 2017",47.59,48.79,49.16,47.43,763.24K,-2.52%,1.0670232394066101
163,628,"Aug 15, 2017",47.55,47.49,47.9,47.02,770.36K,-0.08%,1.258369900163905
164,627,"Aug 16, 2017",46.78,47.72,47.99,46.67,815.54K,-1.62%,2.1764184165193257
165,626,"Aug 17, 2017",47.09,46.8,47.19,46.46,608.31K,0.66%,1.7701321056658834
166,625,"Aug 18, 2017",48.51,46.93,48.74,46.78,253.07K,3.02%,2.120383867113894
167,624,"Aug 21, 2017",47.37,48.72,48.75,47.03,129.19K,-2.35%,1.3618141348038622
168,623,"Aug 22, 2017",47.64,47.45,48.03,47.2,38.40K,0.57%,1.9590451607866881
169,622,"Aug 23, 2017",48.41,47.64,48.5,47.53,701.69K,1.62%,3.1145649149329566
170,621,"Aug 24, 2017",47.43,48.36,48.43,47.06,831.36K,-2.02%,1.6202147658482686
171,620,"Aug 25, 2017",47.87,47.62,47.91,47.39,646.52K,0.93%,2.2926616933693227
172,619,"Aug 28, 2017",46.57,47.89,48.2,46.15,921.29K,-2.72%,1.311464364910013
173,618,"Aug 29, 2017",46.44,46.86,46.96,45.76,895.64K,-0.28%,2.333528818948707
174,617,"Aug 30, 2017",45.96,46.31,46.72,45.84,882.98K,-1.03%,4.100677215689831
175,616,"Aug 31, 2017",47.23,45.95,47.47,45.58,915.71K,2.76%,2.4369963154609184
176,615,"Sep 01, 2017",47.29,47.08,47.35,46.56,742.81K,0.13%,2.352723885041995
177,614,"Sep 03, 2017",47.32,47.31,47.42,47.3,-,0.06%,2.3842533816989646
178,613,"Sep 04, 2017",47.41,47.31,47.66,47.16,-,0.19%,2.332520756872934
179,612,"Sep 05, 2017",48.66,47.28,48.98,47.15,1.03M,2.64%,1.2927392069310775
180,611,"Sep 06, 2017",49.16,48.59,49.42,48.52,788.96K,1.03%,1.7920534733943112
181,610,"Sep 07, 2017",49.09,49.14,49.33,48.63,702.51K,-0.14%,1.8375982247398293
182,609,"Sep 08, 2017",47.48,49.09,49.26,47.27,843.76K,-3.28%,3.7120258169719595
183,608,"Sep 11, 2017",48.07,47.58,48.27,47.0,774.47K,1.24%,2.8929309800991327
184,607,"Sep 12, 2017",48.23,48.12,48.44,47.73,676.04K,0.33%,3.1143795250282804
185,606,"Sep 13, 2017",49.3,48.34,49.4,48.12,706.93K,2.22%,1.5131239874040332
186,605,"Sep 14, 2017",49.89,49.31,50.5,49.15,709.04K,1.20%,0.9177232478320052
187,604,"Sep 15, 2017",49.89,49.72,50.13,49.41,433.60K,0.00%,1.9895073544994684
188,603,"Sep 18, 2017",49.91,49.85,50.33,49.19,189.61K,0.04%,2.4683539817544746
189,602,"Sep 19, 2017",49.48,49.91,50.42,49.33,143.38K,-0.86%,3.7222970999301204
190,601,"Sep 20, 2017",50.41,49.84,50.65,49.75,35.49K,1.88%,2.351312891104317
191,600,"Sep 21, 2017",50.55,50.72,50.81,50.07,580.57K,0.28%,2.2890619408060706
192,599,"Sep 22, 2017",50.66,50.73,50.78,50.29,473.80K,0.22%,2.103484476216784
193,598,"Sep 25, 2017",52.22,50.68,52.28,50.39,701.24K,3.08%,1.8859900852574774
194,597,"Sep 26, 2017",51.88,52.12,52.43,51.43,709.52K,-0.65%,2.014464596509439
195,596,"Sep 27, 2017",52.14,52.09,52.34,51.63,637.04K,0.50%,2.5564938606821794
196,595,"Sep 28, 2017",51.56,52.05,52.86,51.22,801.82K,-1.11%,2.376994919639803
197,594,"Sep 29, 2017",51.67,51.58,51.77,51.25,551.98K,0.21%,2.9635648914342565
198,593,"Oct 02, 2017",50.58,51.64,51.71,50.07,600.93K,-2.11%,1.3387025144831899
199,592,"Oct 03, 2017",50.42,50.59,50.73,50.14,462.74K,-0.32%,1.3694692007638092
200,591,"Oct 04, 2017",49.98,50.16,50.67,49.76,598.84K,-0.87%,1.5686289092889885
201,590,"Oct 05, 2017",50.79,49.88,51.22,49.85,654.39K,1.62%,1.5720866486836442
202,589,"Oct 06, 2017",49.29,50.75,50.82,49.1,743.11K,-2.95%,3.413777580979748
203,588,"Oct 09, 2017",49.58,49.25,49.79,49.13,505.08K,0.59%,3.3943407406695947
204,587,"Oct 10, 2017",50.92,49.55,51.06,49.54,664.84K,2.70%,1.4095727312014963
205,586,"Oct 11, 2017",51.3,50.94,51.42,50.61,651.95K,0.75%,0.9666897827054115
206,585,"Oct 12, 2017",50.6,51.0,51.13,50.15,729.27K,-1.36%,2.0154781006412192
207,584,"Oct 13, 2017",51.45,50.73,51.72,50.7,667.50K,1.68%,0.7114491565318346
208,583,"Oct 16, 2017",51.87,51.43,52.37,51.35,520.73K,0.82%,0.6860015652716424
209,582,"Oct 17, 2017",51.88,51.93,52.25,51.21,471.61K,0.02%,0.72132421850667
210,581,"Oct 18, 2017",52.04,51.94,52.33,51.69,152.62K,0.31%,0.8810363465877952
211,580,"Oct 19, 2017",51.29,52.05,52.17,51.07,127.41K,-1.44%,2.4687912593665424
212,579,"Oct 20, 2017",51.47,51.42,51.73,50.7,32.96K,0.35%,2.9506556318133246
213,578,"Oct 23, 2017",51.9,52.07,52.3,51.68,583.56K,0.84%,2.927894043956461
214,577,"Oct 24, 2017",52.47,51.89,52.62,51.55,709.55K,1.10%,2.492983359406614
215,576,"Oct 25, 2017",52.18,52.56,52.57,51.89,681.74K,-0.55%,3.3940062434585014
216,575,"Oct 26, 2017",52.64,52.19,52.86,51.91,594.65K,0.88%,3.387711814754562
217,574,"Oct 27, 2017",53.9,52.8,54.2,52.25,730.92K,2.39%,2.786692396251994
218,573,"Oct 30, 2017",54.15,54.16,54.46,53.75,565.04K,0.46%,3.273151604070693
219,572,"Oct 31, 2017",54.38,54.08,54.85,53.93,497.30K,0.42%,3.426062278354481
220,571,"Nov 01, 2017",54.3,54.65,55.22,53.89,671.04K,-0.15%,4.064859440994671
221,570,"Nov 02, 2017",54.54,54.28,54.84,53.99,482.85K,0.44%,3.986521156385628
222,569,"Nov 03, 2017",55.64,54.73,55.76,54.4,614.16K,2.02%,2.3068231044570124
223,568,"Nov 06, 2017",57.35,55.97,57.61,55.66,861.71K,3.07%,1.2828956190598761
224,567,"Nov 07, 2017",57.2,57.27,57.69,56.83,750.19K,-0.26%,1.6592084112382057
225,566,"Nov 08, 2017",56.81,56.96,57.92,56.41,919.15K,-0.68%,1.6763254255768991
226,565,"Nov 09, 2017",57.17,56.85,57.53,56.69,666.95K,0.63%,2.132552129316521
227,564,"Nov 10, 2017",56.74,57.02,57.35,56.55,541.30K,-0.75%,1.643705228566672
228,563,"Nov 13, 2017",56.76,56.9,57.15,56.3,631.62K,0.04%,1.6701732832749558
229,562,"Nov 14, 2017",55.7,56.72,56.77,54.81,707.34K,-1.87%,1.9174185640570383
230,561,"Nov 15, 2017",55.33,55.06,55.56,54.88,501.39K,-0.66%,3.12224375775691
231,560,"Nov 16, 2017",55.14,55.3,55.62,54.93,213.92K,-0.34%,4.2837234652112715
232,559,"Nov 17, 2017",56.55,55.25,56.68,55.18,184.94K,2.56%,2.5002301905153215
233,558,"Nov 20, 2017",56.09,56.69,56.76,55.57,37.70K,-0.81%,3.3952191367022646
234,557,"Nov 21, 2017",56.83,56.38,57.22,56.32,619.07K,1.32%,2.257147684422176
235,556,"Nov 22, 2017",58.02,57.12,58.15,57.03,837.41K,2.09%,0.8994331279239287
236,555,"Nov 23, 2017",58.38,57.97,58.58,57.76,-,0.62%,1.059300522191201
237,554,"Nov 24, 2017",58.95,58.05,59.05,57.75,577.83K,0.98%,1.9543007061590272
238,553,"Nov 27, 2017",58.11,58.95,58.99,57.55,690.08K,-1.42%,0.8934351574572207
239,552,"Nov 28, 2017",57.99,57.86,58.11,57.42,546.53K,-0.21%,1.5270608899644755
240,551,"Nov 29, 2017",57.3,57.73,58.3,56.75,741.56K,-1.19%,1.2221034133766568
241,550,"Nov 30, 2017",57.4,57.41,57.98,56.82,735.13K,0.17%,1.2413950772655236
242,549,"Dec 01, 2017",58.36,57.42,58.88,57.29,685.22K,1.67%,2.1504772057959243
243,548,"Dec 04, 2017",57.47,58.32,58.34,57.35,529.97K,-1.53%,1.1951560676182227
244,547,"Dec 05, 2017",57.62,57.48,57.92,57.08,499.25K,0.26%,1.480757405464056
245,546,"Dec 06, 2017",55.96,57.45,57.57,55.87,678.99K,-2.88%,2.090768218330891
246,545,"Dec 07, 2017",56.69,56.0,56.78,55.82,557.33K,1.30%,1.1243899474675134
247,544,"Dec 08, 2017",57.36,56.65,57.79,56.54,681.60K,1.18%,0.7124108360792959
248,543,"Dec 11, 2017",57.99,57.25,58.08,56.91,606.72K,1.10%,1.4578509449636163
249,542,"Dec 12, 2017",57.14,58.02,58.56,56.85,826.49K,-1.47%,0.7635620808078141
250,541,"Dec 13, 2017",56.6,57.45,57.83,56.55,658.14K,-0.95%,1.7736489564108955
251,540,"Dec 14, 2017",57.04,56.7,57.22,56.09,580.57K,0.78%,1.5034852378329193
252,539,"Dec 15, 2017",57.3,57.15,57.49,56.94,210.05K,0.46%,1.4490571603350042
253,538,"Dec 18, 2017",57.16,57.37,57.78,56.82,137.15K,-0.24%,2.4787220516283828
254,537,"Dec 19, 2017",57.46,57.3,57.64,57.16,36.29K,0.52%,2.509645323131769
255,536,"Dec 20, 2017",58.09,57.66,58.12,57.44,420.84K,1.10%,2.00193010614038
256,535,"Dec 21, 2017",58.36,58.02,58.38,57.63,405.32K,0.46%,2.121414040179835
257,534,"Dec 22, 2017",58.47,58.21,58.5,57.87,324.55K,0.19%,2.2804775725298994
258,533,"Dec 25, 2017",58.59,58.41,58.62,58.38,-,0.21%,2.3972412481482417
259,532,"Dec 26, 2017",59.97,58.4,60.01,58.32,437.79K,2.36%,1.1478273626587039
260,531,"Dec 27, 2017",59.64,59.79,59.93,59.33,402.40K,-0.55%,2.1131607687526532
261,530,"Dec 28, 2017",59.84,59.53,59.94,59.44,345.96K,0.34%,2.1185633106035775
262,529,"Dec 29, 2017",60.42,59.91,60.51,59.82,464.48K,0.97%,1.6292974387728625
263,528,"Jan 01, 2018",60.24,60.26,60.28,60.15,-,-0.30%,2.520711620660161
264,527,"Jan 02, 2018",60.37,60.2,60.74,60.1,510.31K,0.22%,3.081165883237361
265,526,"Jan 03, 2018",61.63,60.39,61.97,60.28,673.86K,2.09%,1.9807995099551556
266,525,"Jan 04, 2018",62.01,61.96,62.21,61.59,654.36K,0.62%,2.1278859387000235
267,524,"Jan 05, 2018",61.44,61.9,62.04,61.09,563.04K,-0.92%,3.298298781928644
268,523,"Jan 08, 2018",61.73,61.61,61.97,61.34,616.47K,0.47%,3.4250194049211693
269,522,"Jan 09, 2018",62.96,61.92,63.48,61.8,844.72K,1.99%,1.7338372841326148
270,521,"Jan 10, 2018",63.57,63.41,63.67,63.09,697.84K,0.97%,0.9625882670558648
271,520,"Jan 11, 2018",63.8,63.5,64.77,63.43,876.64K,0.36%,0.7013621836256884
272,519,"Jan 12, 2018",64.3,63.57,64.5,63.06,678.73K,0.78%,0.7450413416487395
273,518,"Jan 14, 2018",64.28,64.42,64.44,64.19,-,-0.03%,0.8646155528050412
274,517,"Jan 15, 2018",64.73,64.28,64.89,64.11,-,0.70%,1.3868060378430633
275,516,"Jan 16, 2018",63.73,64.43,64.89,63.39,867.77K,-1.54%,1.2405264161205756
276,515,"Jan 17, 2018",63.97,63.89,64.17,63.31,444.38K,0.38%,1.4354042634959037
277,514,"Jan 18, 2018",63.95,64.07,64.35,63.47,204.50K,-0.03%,1.9426595133856348
278,513,"Jan 19, 2018",63.37,63.74,63.77,62.85,142.71K,-0.91%,2.8784428503629473
279,512,"Jan 22, 2018",63.49,63.61,64.14,63.17,40.06K,0.19%,2.783540538717114
280,511,"Jan 23, 2018",64.47,63.88,64.88,63.7,662.46K,1.54%,1.4862344490410717
281,510,"Jan 24, 2018",65.61,64.42,66.05,64.34,887.02K,1.77%,0.8804756735584791
282,509,"Jan 25, 2018",65.51,65.88,66.66,65.08,771.76K,-0.15%,0.8391897288603752
283,508,"Jan 26, 2018",66.14,65.25,66.35,64.91,678.19K,0.96%,1.767460463013506
284,507,"Jan 29, 2018",65.56,66.18,66.46,64.98,656.17K,-0.88%,1.6886336184378337
285,506,"Jan 30, 2018",64.5,65.53,65.56,63.89,688.38K,-1.62%,1.973677946734814
286,505,"Jan 31, 2018",64.73,64.03,64.94,63.67,613.26K,0.36%,2.934415708371407
287,504,"Feb 01, 2018",65.8,64.76,66.25,64.63,685.75K,1.65%,5.446817839494829
288,503,"Feb 02, 2018",65.45,65.99,66.3,64.47,857.57K,-0.53%,6.18819379040221
289,502,"Feb 05, 2018",64.15,65.1,65.4,63.42,891.06K,-1.99%,5.523023060832962
290,501,"Feb 06, 2018",63.39,63.43,64.29,63.12,797.81K,-1.18%,4.893914872650742
291,500,"Feb 07, 2018",61.79,63.92,64.18,61.25,1.03M,-2.52%,2.852498812487213
292,499,"Feb 08, 2018",61.15,61.7,62.09,60.27,929.58K,-1.04%,2.1163018214044587
293,498,"Feb 09, 2018",59.2,60.43,60.77,58.07,933.31K,-3.19%,2.786511273009904
294,497,"Feb 12, 2018",59.29,59.12,60.83,59.1,736.92K,0.15%,3.31820862992462
295,496,"Feb 13, 2018",59.19,59.35,59.73,58.39,580.60K,-0.17%,3.870113888664524
296,495,"Feb 14, 2018",60.6,58.98,60.9,58.2,650.32K,2.38%,1.8704042547007058
297,494,"Feb 15, 2018",61.34,60.71,61.64,59.72,340.40K,1.22%,1.203633645991665
298,493,"Feb 16, 2018",61.68,61.45,61.99,60.88,181.18K,0.55%,1.4007149448034617
299,492,"Feb 18, 2018",61.72,61.51,61.74,61.51,-,0.06%,1.9089449247034087
300,491,"Feb 19, 2018",62.38,61.71,62.49,61.67,-,1.07%,1.352027094947651
301,490,"Feb 20, 2018",61.9,61.63,62.74,61.58,50.21K,-0.77%,1.8182909548809698
302,489,"Feb 21, 2018",61.68,61.63,61.86,60.92,466.92K,-0.36%,2.1142785055119178
303,488,"Feb 22, 2018",62.77,61.34,63.09,60.75,592.60K,1.77%,1.7782362705199573
304,487,"Feb 23, 2018",63.55,62.6,63.73,62.33,460.60K,1.24%,2.443067347160453
305,486,"Feb 26, 2018",63.91,63.6,64.24,63.06,469.85K,0.57%,2.9615324027088543
306,485,"Feb 27, 2018",63.01,64.06,64.08,62.64,562.67K,-1.41%,2.1524613268787838
307,484,"Feb 28, 2018",61.64,62.79,63.44,61.36,768.41K,-2.17%,1.3589386330112028
308,483,"Mar 01, 2018",60.99,61.55,61.83,60.18,812.51K,-1.05%,1.6444194420083682
309,482,"Mar 02, 2018",61.25,61.34,61.6,60.13,613.51K,0.43%,1.4456126446484032
310,481,"Mar 05, 2018",62.57,61.55,62.79,61.1,599.27K,2.16%,2.1967104371170425
311,480,"Mar 06, 2018",62.6,62.58,63.28,62.17,634.95K,0.05%,2.4425601453644483
312,479,"Mar 07, 2018",61.15,62.3,62.58,60.58,879.12K,-2.32%,0.9017396032393309
313,478,"Mar 08, 2018",60.12,61.33,61.4,59.95,720.51K,-1.68%,2.209444358232293
314,477,"Mar 09, 2018",62.04,60.27,62.18,60.14,659.72K,3.19%,1.250118505010827
315,476,"Mar 12, 2018",61.36,62.1,62.33,60.67,537.99K,-1.10%,1.5366660161365728
316,475,"Mar 13, 2018",60.71,61.37,61.97,60.27,747.74K,-1.06%,3.5163013600994217
317,474,"Mar 14, 2018",60.96,60.87,61.33,60.11,665.02K,0.41%,3.822092985811099
318,473,"Mar 15, 2018",61.19,60.95,61.54,60.82,430.20K,0.38%,4.558873967033447
319,472,"Mar 16, 2018",62.34,61.19,62.54,61.08,202.49K,1.88%,3.6321185929471307
320,471,"Mar 19, 2018",62.06,62.23,62.35,61.36,115.96K,-0.45%,4.451923012364067
321,470,"Mar 20, 2018",63.4,62.1,63.81,62.08,36.06K,2.16%,2.6053353105199144
322,469,"Mar 21, 2018",65.17,63.72,65.55,63.58,763.77K,2.79%,0.8382077817245779
323,468,"Mar 22, 2018",64.3,65.5,65.74,64.14,689.17K,-1.33%,1.5598132273637701
324,467,"Mar 23, 2018",65.88,64.28,66.0,64.11,752.99K,2.46%,2.3995622458254795
325,466,"Mar 26, 2018",65.55,65.9,66.55,65.08,585.90K,-0.50%,2.391110126508383
326,465,"Mar 27, 2018",65.25,65.53,66.41,64.53,670.81K,-0.46%,2.269966323001911
327,464,"Mar 28, 2018",64.38,64.7,65.13,63.72,697.68K,-1.33%,1.8616663240883387
328,463,"Mar 29, 2018",64.94,64.69,65.26,64.16,562.82K,0.87%,2.654392510116879
329,462,"Apr 02, 2018",63.01,64.91,65.42,62.8,582.74K,-2.97%,1.694622141806929
330,461,"Apr 03, 2018",63.51,62.89,63.86,62.86,527.29K,0.79%,2.460052177897523
331,460,"Apr 04, 2018",63.37,63.59,63.64,62.06,760.60K,-0.22%,3.3697368953243427
332,459,"Apr 05, 2018",63.54,63.6,64.12,63.07,588.60K,0.27%,3.9514676547036336
333,458,"Apr 06, 2018",62.06,63.7,63.79,61.81,753.26K,-2.33%,6.306462513782022
334,457,"Apr 09, 2018",63.42,62.0,63.61,61.93,655.83K,2.19%,4.710108886050007
335,456,"Apr 10, 2018",65.51,63.3,65.86,63.2,840.28K,3.30%,2.445773362737601
336,455,"Apr 11, 2018",66.82,65.59,67.45,65.15,963.02K,2.00%,1.352922412030313
337,454,"Apr 12, 2018",67.07,66.75,67.33,66.0,687.47K,0.37%,1.413557826242716
338,453,"Apr 13, 2018",67.39,67.18,67.76,66.7,624.20K,0.48%,1.4457609174680774
339,452,"Apr 16, 2018",66.22,67.24,67.74,66.13,560.08K,-1.74%,2.686251729728658
340,451,"Apr 17, 2018",66.52,66.42,66.75,65.56,486.08K,0.45%,2.451997725563515
341,450,"Apr 18, 2018",68.47,66.68,68.91,66.56,221.66K,2.93%,0.5286387554287639
342,449,"Apr 19, 2018",68.29,68.75,69.56,67.98,125.99K,-0.26%,0.42238117152895194
343,448,"Apr 20, 2018",68.38,68.26,68.62,67.5,32.95K,0.13%,0.4911316821495684
344,447,"Apr 23, 2018",68.64,68.22,69.03,67.14,740.94K,0.38%,1.0538536594009216
345,446,"Apr 24, 2018",67.7,68.95,69.38,67.54,832.30K,-1.37%,0.6916754389205388
346,445,"Apr 25, 2018",68.05,67.75,68.18,67.11,764.05K,0.52%,0.580222983758989
347,444,"Apr 26, 2018",68.19,68.03,68.78,67.71,660.55K,0.21%,1.0372913621277362
348,443,"Apr 27, 2018",68.1,68.21,68.36,67.64,542.55K,-0.13%,1.8089111592885396
349,442,"Apr 30, 2018",68.57,68.15,69.34,67.17,755.19K,0.69%,1.5975383898489637
350,441,"May 01, 2018",67.25,68.56,68.9,66.85,694.77K,-1.93%,3.4861338260797945
351,440,"May 02, 2018",67.93,67.49,68.14,66.92,789.37K,1.01%,3.274751178283811
352,439,"May 03, 2018",68.43,67.68,68.6,67.21,691.22K,0.74%,2.945201539386255
353,438,"May 04, 2018",69.72,68.5,69.97,68.12,690.88K,1.89%,1.5953097703726316
354,437,"May 07, 2018",70.73,69.85,70.84,69.51,758.92K,1.45%,1.0340011975344938
355,436,"May 08, 2018",69.06,70.03,70.4,67.63,1.25M,-2.36%,2.8377001488915985
356,435,"May 09, 2018",71.14,70.05,71.36,69.85,863.39K,3.01%,0.3934107673799451
357,434,"May 10, 2018",71.36,71.23,71.89,70.56,749.81K,0.31%,0.4231638510664261
358,433,"May 11, 2018",70.7,71.45,71.63,70.45,634.15K,-0.92%,1.120870575279351
359,432,"May 14, 2018",70.96,70.54,71.26,70.26,592.83K,0.37%,1.0374950574580615
360,431,"May 15, 2018",71.31,71.15,71.92,70.42,815.29K,0.49%,0.7274940850498667
361,430,"May 16, 2018",71.49,71.02,71.59,70.66,574.28K,0.25%,0.69881877536817
362,429,"May 17, 2018",71.49,71.56,72.3,71.09,562.64K,0.00%,2.0325027696285605
363,428,"May 18, 2018",71.28,71.6,71.75,70.99,211.79K,-0.29%,2.865771988314014
364,427,"May 21, 2018",72.24,71.47,72.59,71.25,119.89K,1.35%,4.447967284818354
365,426,"May 22, 2018",72.13,72.53,72.83,71.9,31.97K,-0.15%,5.1842642565969035
366,425,"May 23, 2018",71.84,72.11,72.26,71.19,702.79K,-0.40%,5.241748348603252
367,424,"May 24, 2018",70.71,71.83,72.0,70.52,640.73K,-1.57%,4.413861537032045
368,423,"May 25, 2018",67.88,70.65,70.8,67.42,955.35K,-4.00%,1.5127690578719246
369,422,"May 27, 2018",67.36,67.44,67.48,67.02,-,-0.77%,1.8210196636582459
370,421,"May 28, 2018",67.05,67.39,67.41,65.81,-,-0.46%,1.836728332286057
371,420,"May 29, 2018",66.73,67.55,67.55,65.8,1.06M,-0.48%,2.00395018019631
372,419,"May 30, 2018",68.21,66.85,68.67,66.35,726.89K,2.22%,3.6569577704716756
373,418,"May 31, 2018",67.04,68.24,68.3,66.56,917.56K,-1.72%,2.343737391575468
374,417,"Jun 01, 2018",65.81,67.07,67.34,65.51,781.10K,-1.83%,0.9049429714974031
375,416,"Jun 04, 2018",64.75,65.71,66.04,64.57,696.05K,-1.61%,1.5909156526190826
376,415,"Jun 05, 2018",65.52,64.94,65.57,64.22,714.67K,1.19%,1.0244580175811702
377,414,"Jun 06, 2018",64.73,65.51,65.96,64.27,708.83K,-1.21%,2.2881496491422078
378,413,"Jun 07, 2018",65.95,65.07,66.07,64.81,675.04K,1.88%,0.8853538893147294
379,412,"Jun 08, 2018",65.74,65.98,66.24,65.15,571.22K,-0.32%,1.015706342970187
380,411,"Jun 11, 2018",66.1,65.56,66.35,64.85,558.28K,0.55%,1.0210079180015474
381,410,"Jun 12, 2018",66.36,66.05,66.7,65.87,524.41K,0.39%,1.1381505061627641
382,409,"Jun 13, 2018",66.64,66.01,66.89,65.52,626.40K,0.42%,1.504272218008136
383,408,"Jun 14, 2018",66.89,66.62,67.16,66.36,460.17K,0.38%,2.0271496294158995
384,407,"Jun 15, 2018",65.06,67.0,67.09,64.29,512.59K,-2.74%,2.828862615322331
385,406,"Jun 18, 2018",65.85,64.4,65.98,63.59,218.93K,1.21%,3.4039166340171865
386,405,"Jun 19, 2018",65.07,65.82,65.9,64.39,122.65K,-1.18%,6.143693138329604
387,404,"Jun 20, 2018",66.22,65.11,66.53,65.01,30.65K,1.77%,6.333041729260281
388,403,"Jun 21, 2018",65.54,65.34,66.22,64.34,760.72K,-1.03%,8.734981288690536
389,402,"Jun 22, 2018",68.58,65.93,69.38,65.71,1.14M,4.64%,5.647295286276258
390,401,"Jun 25, 2018",68.08,68.75,69.44,67.78,816.21K,-0.73%,7.123807387486198
391,400,"Jun 26, 2018",70.53,68.21,70.91,67.72,848.54K,3.60%,4.294626834765882
392,399,"Jun 27, 2018",72.76,70.68,73.06,70.56,775.16K,3.16%,1.433419411773907
393,398,"Jun 28, 2018",73.45,72.27,74.03,72.2,717.35K,0.95%,0.7369926960017117
394,397,"Jun 29, 2018",74.15,73.33,74.46,72.93,602.40K,0.95%,0.6687372167248969
395,396,"Jul 02, 2018",73.94,73.62,74.35,72.51,652.17K,-0.28%,0.5440376851048232
396,395,"Jul 03, 2018",74.14,74.08,75.27,72.73,667.24K,0.27%,2.025016204790722
397,394,"Jul 04, 2018",74.13,74.62,74.76,73.52,-,-0.01%,2.797600341627951
398,393,"Jul 05, 2018",72.94,74.23,74.9,72.53,841.63K,-1.61%,2.3189711114747102
399,392,"Jul 06, 2018",73.8,73.16,74.01,72.14,611.42K,1.18%,4.115304168243225
400,391,"Jul 09, 2018",73.85,73.87,74.28,72.99,533.00K,0.07%,5.102150371337726
401,390,"Jul 10, 2018",74.11,74.04,74.7,73.65,586.83K,0.35%,6.021451489784155
402,389,"Jul 11, 2018",70.38,74.2,74.26,70.02,861.73K,-5.03%,2.0479660218681652
403,388,"Jul 12, 2018",70.33,70.6,71.24,69.23,707.89K,-0.07%,2.004819946326373
404,387,"Jul 13, 2018",71.01,70.38,71.66,69.84,530.28K,0.97%,3.139455362319082
405,386,"Jul 16, 2018",68.06,70.52,70.87,67.58,530.48K,-4.15%,1.614397649527398
406,385,"Jul 17, 2018",68.08,68.03,68.44,67.03,440.73K,0.03%,1.7334772650065138
407,384,"Jul 18, 2018",68.76,67.61,69.06,67.04,187.31K,1.00%,1.2545142975468195
408,383,"Jul 19, 2018",69.46,69.0,70.17,67.8,103.22K,1.02%,1.2154713164122335
409,382,"Jul 20, 2018",70.46,69.39,71.1,69.37,25.56K,1.44%,2.1240229809915885
410,381,"Jul 23, 2018",67.89,68.17,69.31,67.6,555.92K,-3.65%,1.909018127857166
411,380,"Jul 24, 2018",68.52,67.8,69.05,67.56,524.59K,0.93%,1.2596453564627512
412,379,"Jul 25, 2018",69.3,68.77,69.7,68.2,622.91K,1.14%,1.124893438539504
413,378,"Jul 26, 2018",69.61,69.38,69.92,68.92,489.06K,0.45%,1.4689138271307838
414,377,"Jul 27, 2018",68.69,69.58,69.77,68.26,460.45K,-1.32%,1.0078230988331893
415,376,"Jul 30, 2018",70.13,69.01,70.43,68.8,463.01K,2.10%,2.0317923658617394
416,375,"Jul 31, 2018",68.76,70.05,70.22,67.98,519.07K,-1.95%,1.2125417517148878
417,374,"Aug 01, 2018",67.66,68.43,68.52,67.31,576.56K,-1.60%,1.5523696134201475
418,373,"Aug 02, 2018",68.96,67.86,69.36,66.92,531.07K,1.92%,1.7961463265276023
419,372,"Aug 03, 2018",68.49,68.99,69.24,67.87,476.62K,-0.68%,1.595744344180589
420,371,"Aug 06, 2018",69.01,68.65,69.92,68.5,495.61K,0.76%,2.3373114202891103
421,370,"Aug 07, 2018",69.17,68.9,69.83,68.81,485.03K,0.23%,3.396547663173831
422,369,"Aug 08, 2018",66.94,69.09,69.37,66.32,760.31K,-3.22%,1.437971889316109
423,368,"Aug 09, 2018",66.81,66.79,67.41,66.49,509.40K,-0.19%,1.4697997786339643
424,367,"Aug 10, 2018",67.63,66.74,67.87,66.14,524.49K,1.23%,2.270468128608046
425,366,"Aug 13, 2018",67.2,67.78,67.95,65.71,578.22K,-0.64%,1.7900316290256497
426,365,"Aug 14, 2018",67.04,67.42,68.37,66.58,538.48K,-0.24%,1.6946352892861256
427,364,"Aug 15, 2018",65.01,66.62,66.9,64.51,573.47K,-3.03%,2.882414624376402
428,363,"Aug 16, 2018",65.46,64.95,65.52,64.43,383.38K,0.69%,2.9846485962688307
429,362,"Aug 17, 2018",65.91,65.47,66.39,65.3,171.40K,0.69%,2.951518881512036
430,361,"Aug 20, 2018",66.43,65.91,66.68,65.59,112.71K,0.79%,2.5735281836065544
431,360,"Aug 21, 2018",67.35,66.62,68.1,66.52,27.15K,1.38%,1.8387834494512498
432,359,"Aug 22, 2018",67.86,66.08,68.15,65.98,581.90K,0.76%,1.8171534279760446
433,358,"Aug 23, 2018",67.83,68.07,68.12,67.32,450.69K,-0.04%,2.1525985966782786
434,357,"Aug 24, 2018",68.72,67.9,69.31,67.78,517.80K,1.31%,1.3050346013403902
435,356,"Aug 27, 2018",68.87,68.57,68.97,68.34,332.61K,0.22%,1.339756303513547
436,355,"Aug 28, 2018",68.53,68.93,69.2,68.21,426.83K,-0.49%,1.8935688517194087
437,354,"Aug 29, 2018",69.51,68.54,69.76,68.37,497.10K,1.43%,0.7545477529602206
438,353,"Aug 30, 2018",70.25,69.71,70.5,69.55,445.58K,1.06%,1.6108517578019148
439,352,"Aug 31, 2018",69.8,70.06,70.36,69.64,419.74K,-0.64%,1.6787697790519633
440,351,"Sep 02, 2018",69.92,69.91,69.99,69.88,-,0.17%,2.194349312978545
441,350,"Sep 03, 2018",70.12,69.91,70.2,69.54,-,0.29%,2.4450126211368217
442,349,"Sep 04, 2018",69.87,69.89,71.4,69.08,785.98K,-0.36%,2.1833504243626924
443,348,"Sep 05, 2018",68.72,69.43,69.59,68.56,542.10K,-1.65%,1.375687116883801
444,347,"Sep 06, 2018",67.77,68.64,69.02,67.0,633.82K,-1.38%,1.8635160319797446
445,346,"Sep 07, 2018",67.75,67.88,68.08,66.86,530.90K,-0.03%,1.9918231875189951
446,345,"Sep 10, 2018",67.54,67.82,68.52,67.33,571.17K,-0.31%,2.5858244285747762
447,344,"Sep 11, 2018",69.25,67.53,70.01,67.48,676.87K,2.53%,1.3065086904816565
448,343,"Sep 12, 2018",70.37,69.89,71.26,69.5,800.54K,1.62%,1.540130236588043
449,342,"Sep 13, 2018",68.59,70.24,70.28,68.35,684.94K,-2.53%,2.3334239087358224
450,341,"Sep 14, 2018",68.99,68.79,69.91,67.94,611.08K,0.58%,2.529116223554767
451,340,"Sep 17, 2018",68.91,68.93,69.72,68.53,422.29K,-0.12%,3.2096040717629597
452,339,"Sep 18, 2018",69.85,68.8,70.42,68.53,234.20K,1.36%,2.245210181614073
453,338,"Sep 19, 2018",71.12,69.71,71.5,69.65,125.21K,1.82%,1.0205564308512782
454,337,"Sep 20, 2018",70.8,71.39,71.81,70.73,28.40K,-0.45%,1.8621277679499397
455,336,"Sep 21, 2018",70.78,70.2,71.8,69.98,855.94K,-0.03%,3.062520190304529
456,335,"Sep 24, 2018",72.08,71.14,72.74,71.14,576.89K,1.84%,2.4573510438423827
457,334,"Sep 25, 2018",72.28,72.25,72.78,71.89,551.28K,0.28%,3.1527347467339117
458,333,"Sep 26, 2018",71.57,72.09,72.38,71.47,464.46K,-0.98%,4.140710647168459
459,332,"Sep 27, 2018",72.12,72.01,72.6,71.71,454.55K,0.77%,3.6789323217228134
460,331,"Sep 28, 2018",73.25,72.18,73.73,71.88,544.05K,1.57%,2.3950388837438075
461,330,"Oct 01, 2018",75.3,73.29,75.77,72.95,601.45K,2.80%,1.0329825039817593
462,329,"Oct 02, 2018",75.23,75.42,75.91,74.93,463.62K,-0.09%,1.4382149466851284
463,328,"Oct 03, 2018",76.41,75.12,76.9,74.3,698.82K,1.57%,3.678417244578625
464,327,"Oct 04, 2018",74.33,76.18,76.47,73.88,687.95K,-2.72%,2.3836386516990986
465,326,"Oct 05, 2018",74.34,74.67,75.22,73.83,613.22K,0.01%,2.7221637353067254
466,325,"Oct 08, 2018",74.29,74.4,74.58,73.07,554.94K,-0.07%,2.9379018651778455
467,324,"Oct 09, 2018",74.96,74.21,75.28,74.0,623.54K,0.90%,4.4738603727447765
468,323,"Oct 10, 2018",73.17,74.66,75.08,72.38,652.74K,-2.39%,3.4190546178820083
469,322,"Oct 11, 2018",70.97,72.68,72.76,70.51,783.96K,-3.01%,1.8440132290935585
470,321,"Oct 12, 2018",71.34,70.99,72.01,70.64,626.67K,0.52%,2.365308905710767
471,320,"Oct 15, 2018",71.78,71.85,72.7,70.85,568.61K,0.62%,3.9561273815962847
472,319,"Oct 16, 2018",71.92,71.72,72.29,71.02,535.00K,0.20%,4.900575479197608
473,318,"Oct 17, 2018",69.75,72.17,72.43,69.43,651.58K,-3.02%,2.8368574799102295
474,317,"Oct 18, 2018",68.65,70.03,70.03,68.47,215.34K,-1.58%,1.8779592610397677
475,316,"Oct 19, 2018",69.12,68.68,69.77,68.56,108.31K,0.68%,2.5880416406247595
476,315,"Oct 22, 2018",69.17,69.41,69.65,68.27,27.42K,0.07%,3.1098013267281948
477,314,"Oct 23, 2018",66.43,69.55,69.66,65.74,853.27K,-3.96%,1.1374635872176115
478,313,"Oct 24, 2018",66.82,66.17,67.72,66.05,775.96K,0.59%,2.0696759853446682
479,312,"Oct 25, 2018",67.33,66.36,67.65,65.99,573.10K,0.76%,3.3849799019239972
480,311,"Oct 26, 2018",67.59,66.95,67.88,66.2,595.21K,0.39%,4.42658974462904
481,310,"Oct 29, 2018",67.04,67.55,67.95,66.29,477.49K,-0.81%,4.683781062616935
482,309,"Oct 30, 2018",66.18,66.68,67.26,65.33,680.44K,-1.28%,4.489203131661173
483,308,"Oct 31, 2018",65.31,66.32,67.0,64.81,666.49K,-1.31%,4.354164487761071
484,307,"Nov 01, 2018",63.69,64.88,65.39,63.11,790.29K,-2.48%,3.1565307231781383
485,306,"Nov 02, 2018",63.14,63.5,63.95,62.63,708.91K,-0.86%,3.175185410425886
486,305,"Nov 05, 2018",63.1,62.99,64.14,62.52,609.13K,-0.06%,5.429631254532408
487,304,"Nov 06, 2018",62.21,62.7,63.32,61.31,761.24K,-1.41%,5.763008934567065
488,303,"Nov 07, 2018",61.67,61.74,63.18,61.2,866.63K,-0.87%,6.0826485187204815
489,302,"Nov 08, 2018",60.67,61.64,62.42,60.4,764.55K,-1.62%,5.591712064683566
490,301,"Nov 09, 2018",60.19,60.75,60.79,59.26,821.73K,-0.79%,5.453862193941059
491,300,"Nov 12, 2018",59.93,60.7,61.28,58.68,806.22K,-0.43%,6.551169457605259
492,299,"Nov 13, 2018",55.69,58.88,59.35,54.75,1.10M,-7.07%,2.021948903011074
493,298,"Nov 14, 2018",56.25,55.27,57.37,55.13,844.70K,1.01%,2.6791664712368357
494,297,"Nov 15, 2018",56.46,56.02,57.26,55.59,256.50K,0.37%,4.967163890322407
495,296,"Nov 16, 2018",56.46,56.58,57.96,55.89,159.00K,0.00%,5.92684459841955
496,295,"Nov 19, 2018",56.76,56.72,57.33,55.08,33.58K,0.53%,7.193127914031586
497,294,"Nov 20, 2018",53.43,57.39,57.44,52.77,983.12K,-5.87%,3.70591155040651
498,293,"Nov 21, 2018",54.63,53.39,55.86,53.39,734.28K,2.25%,5.598065361295477
499,292,"Nov 22, 2018",54.02,54.64,54.82,53.53,-,-1.12%,5.1789946817647925
500,291,"Nov 23, 2018",50.42,54.66,54.82,50.15,1.01M,-6.66%,2.42937458483688
501,290,"Nov 26, 2018",51.63,50.62,52.25,50.1,663.11K,2.40%,1.8934427400091367
502,289,"Nov 27, 2018",51.56,51.54,52.38,50.3,764.01K,-0.14%,2.147120434594029
503,288,"Nov 28, 2018",50.29,52.09,52.56,50.06,831.69K,-2.46%,3.8169390237512824
504,287,"Nov 29, 2018",51.45,50.31,52.2,49.41,812.72K,2.31%,2.2259495902383506
505,286,"Nov 30, 2018",50.93,51.27,51.79,49.65,796.71K,-1.01%,3.009526723301978
506,285,"Dec 03, 2018",52.95,52.45,53.85,52.03,758.01K,3.97%,1.9978247786153578
507,284,"Dec 04, 2018",53.25,53.13,54.55,52.43,738.13K,0.57%,2.8096755073964053
508,283,"Dec 05, 2018",52.89,52.59,54.44,52.16,624.91K,-0.68%,2.2903438624281267
509,282,"Dec 06, 2018",51.49,52.93,53.3,50.08,987.27K,-2.65%,1.2517506393524214
510,281,"Dec 07, 2018",52.61,51.76,54.22,50.6,987.72K,2.18%,2.7905319669773485
511,280,"Dec 10, 2018",51.0,52.03,52.81,50.53,733.23K,-3.06%,3.8432944574262335
512,279,"Dec 11, 2018",51.65,50.89,52.43,50.7,665.26K,1.27%,5.353556100635677
513,278,"Dec 12, 2018",51.15,51.95,52.88,50.94,730.81K,-0.97%,6.2326662422754815
514,277,"Dec 13, 2018",52.58,51.2,53.27,50.35,733.63K,2.80%,9.42977380658454
515,276,"Dec 14, 2018",51.2,52.83,52.95,50.84,526.84K,-2.62%,9.829240342756952
516,275,"Dec 17, 2018",49.88,51.25,51.87,49.01,211.26K,-2.58%,9.403918683366829
517,274,"Dec 18, 2018",46.24,49.16,49.59,45.79,120.10K,-7.30%,4.064412624765055
518,273,"Dec 19, 2018",47.2,45.93,48.0,45.93,37.16K,2.08%,5.669868598049959
519,272,"Dec 20, 2018",45.88,47.39,47.51,45.67,794.13K,-2.80%,3.7513713980852854
520,271,"Dec 21, 2018",45.59,46.25,46.77,45.13,694.00K,-0.63%,3.3905865701364
521,270,"Dec 24, 2018",42.53,45.45,46.24,42.36,415.86K,-6.71%,6.011941400176338
522,269,"Dec 25, 2018",43.16,43.0,43.25,42.88,-,1.48%,5.5465362999502075
523,268,"Dec 26, 2018",46.22,42.85,47.0,42.52,698.41K,7.09%,1.8301002397064083
524,267,"Dec 27, 2018",44.61,46.58,46.7,44.37,665.59K,-3.48%,4.141604645667789
525,266,"Dec 28, 2018",45.33,45.44,46.22,44.42,564.39K,1.61%,3.9086495953451865
526,265,"Dec 31, 2018",45.41,45.22,46.53,44.73,476.97K,0.18%,5.237857165253866
527,264,"Jan 01, 2019",45.89,45.77,45.95,45.73,-,1.06%,6.893814928052937
528,263,"Jan 02, 2019",46.54,45.8,47.78,44.35,850.48K,1.42%,7.584242768210546
529,262,"Jan 03, 2019",47.09,46.26,47.49,45.35,788.72K,1.18%,7.542741064958726
530,261,"Jan 04, 2019",47.96,46.9,49.22,46.65,817.28K,1.85%,6.309698560246049
531,260,"Jan 07, 2019",48.52,48.3,49.79,48.11,819.94K,1.17%,5.992187251037861
532,259,"Jan 08, 2019",49.78,48.73,49.95,48.31,765.98K,2.60%,4.171929823738446
533,258,"Jan 09, 2019",52.36,49.8,52.58,49.71,891.92K,5.18%,1.4824284425533472
534,257,"Jan 10, 2019",52.59,52.18,52.78,51.37,821.78K,0.44%,1.9510693829357413
535,256,"Jan 11, 2019",51.59,52.28,53.31,51.18,812.34K,-1.90%,2.464223551394244
536,255,"Jan 14, 2019",50.51,51.73,52.11,50.38,791.53K,-2.09%,4.897209267387223
537,254,"Jan 15, 2019",52.11,50.78,52.3,50.64,664.18K,3.17%,2.295705027532608
538,253,"Jan 16, 2019",52.31,52.0,52.52,51.26,694.18K,0.38%,2.038799973525369
539,252,"Jan 17, 2019",52.07,52.3,52.58,50.98,288.56K,-0.46%,2.501309374820008
540,251,"Jan 18, 2019",53.8,52.23,53.92,52.09,193.10K,3.32%,1.3297063491243577
541,250,"Jan 20, 2019",53.65,53.97,54.05,53.59,-,-0.28%,1.6675987653941229
542,249,"Jan 21, 2019",54.24,53.66,54.48,53.58,-,1.10%,2.5004028063939767
543,248,"Jan 22, 2019",52.57,53.73,54.24,51.8,46.03K,-3.08%,1.6411037296421975
544,247,"Jan 23, 2019",52.62,52.95,53.64,51.86,702.87K,0.10%,1.7941453715137186
545,246,"Jan 24, 2019",53.13,52.45,53.47,52.07,714.42K,0.97%,1.9903953414513949
546,245,"Jan 25, 2019",53.69,53.17,53.94,52.91,593.39K,1.05%,1.8027547964725117
547,244,"Jan 28, 2019",51.99,53.56,53.64,51.33,650.67K,-3.17%,3.9876629237027594
548,243,"Jan 29, 2019",53.31,52.12,53.93,51.84,660.53K,2.54%,1.8830821211836786
549,242,"Jan 30, 2019",54.23,53.24,54.93,53.09,731.31K,1.73%,1.439331103010576
550,241,"Jan 31, 2019",53.79,54.28,55.37,53.62,718.65K,-0.81%,1.6155989192663658
551,240,"Feb 01, 2019",55.26,54.01,55.66,53.37,689.57K,2.73%,3.4910196942930014
552,239,"Feb 04, 2019",54.56,55.32,55.75,53.29,622.47K,-1.27%,2.677512873877631
553,238,"Feb 05, 2019",53.66,54.86,55.21,53.47,609.76K,-1.65%,1.40524729940431
554,237,"Feb 06, 2019",54.01,53.73,54.3,52.86,606.72K,0.65%,1.8648447185175194
555,236,"Feb 07, 2019",52.64,53.94,54.21,51.8,749.01K,-2.54%,2.6570435665689094
556,235,"Feb 08, 2019",52.72,52.59,52.99,52.08,621.00K,0.15%,3.6385776525910347
557,234,"Feb 11, 2019",52.41,52.66,52.78,51.23,750.24K,-0.59%,4.948005110446038
558,233,"Feb 12, 2019",53.1,52.47,54.05,52.29,708.31K,1.32%,4.386549916582739
559,232,"Feb 13, 2019",53.9,53.35,54.6,53.27,706.55K,1.51%,3.7471363358820255
560,231,"Feb 14, 2019",54.41,53.96,54.68,53.08,623.55K,0.95%,3.4146899449196244
561,230,"Feb 15, 2019",55.59,54.48,55.87,54.24,276.91K,2.17%,1.886036755427418
562,229,"Feb 17, 2019",56.33,56.17,56.39,56.11,-,1.33%,1.0380948030101025
563,228,"Feb 18, 2019",56.27,56.33,56.73,56.12,-,-0.11%,1.1879943603582641
564,227,"Feb 19, 2019",56.09,55.78,56.33,55.29,153.73K,-0.32%,1.3903936251271312
565,226,"Feb 20, 2019",56.92,55.94,57.55,55.48,37.68K,1.48%,1.3765724833213224
566,225,"Feb 21, 2019",56.96,57.24,57.61,56.64,546.20K,0.07%,1.6015899323698992
567,224,"Feb 22, 2019",57.26,56.84,57.81,56.71,513.44K,0.53%,1.9748007557797018
568,223,"Feb 25, 2019",55.48,57.17,57.53,55.08,723.01K,-3.11%,1.8855718505795913
569,222,"Feb 26, 2019",55.5,55.46,56.08,55.02,538.92K,0.04%,1.9204319084741697
570,221,"Feb 27, 2019",56.94,55.95,57.39,55.72,577.23K,2.59%,0.99385325193711
571,220,"Feb 28, 2019",57.22,57.0,57.43,56.43,496.68K,0.49%,1.5470040208301554
572,219,"Mar 01, 2019",55.8,57.22,57.88,55.57,684.19K,-2.48%,1.206130659833722
573,218,"Mar 04, 2019",56.59,55.83,57.0,55.81,549.40K,1.42%,0.48692595027017654
574,217,"Mar 05, 2019",56.56,56.45,57.19,56.09,538.40K,-0.05%,1.2330509001369705
575,216,"Mar 06, 2019",56.22,56.28,56.4,55.42,637.68K,-0.60%,2.2131899166207805
576,215,"Mar 07, 2019",56.66,56.2,56.99,56.08,628.82K,0.78%,2.1337213215259356
577,214,"Mar 08, 2019",56.07,56.43,56.51,54.52,747.36K,-1.04%,3.536841858407491
578,213,"Mar 11, 2019",56.79,56.07,57.01,55.96,597.16K,1.28%,2.8842255371099994
579,212,"Mar 12, 2019",56.87,56.76,57.55,56.74,652.80K,0.14%,3.3913287773899228
580,211,"Mar 13, 2019",58.26,57.09,58.48,57.01,610.62K,2.44%,1.7035462685158766
581,210,"Mar 14, 2019",58.61,58.35,58.74,58.0,567.60K,0.60%,1.284122131451163
582,209,"Mar 15, 2019",58.52,58.51,58.95,57.74,507.39K,-0.15%,1.4140179009204494
583,208,"Mar 18, 2019",59.09,58.45,59.23,58.05,157.24K,0.97%,0.9359779278601245
584,207,"Mar 19, 2019",59.03,59.01,59.57,58.62,114.82K,-0.10%,1.0243074001579475
585,206,"Mar 20, 2019",59.83,59.02,60.12,58.39,31.13K,1.36%,0.9232998545828415
586,205,"Mar 21, 2019",59.98,59.99,60.39,59.66,655.38K,0.25%,1.0993739467271808
587,204,"Mar 22, 2019",59.04,59.87,60.07,58.28,738.84K,-1.57%,1.8964355678876648
588,203,"Mar 25, 2019",58.82,58.98,59.35,58.17,705.40K,-0.37%,3.237586547940676
589,202,"Mar 26, 2019",59.94,59.12,60.38,59.04,685.99K,1.90%,2.5824957464105482
590,201,"Mar 27, 2019",59.41,60.03,60.22,58.81,732.15K,-0.88%,3.592393957673781
591,200,"Mar 28, 2019",59.3,59.4,59.56,58.2,712.21K,-0.19%,4.453531357941729
592,199,"Mar 29, 2019",60.14,59.53,60.73,59.41,705.56K,1.42%,4.172203536958813
593,198,"Apr 01, 2019",61.59,60.24,61.8,60.13,670.81K,2.41%,2.5909582681410526
594,197,"Apr 02, 2019",62.58,61.81,62.75,61.6,793.23K,1.61%,1.8992050049927323
595,196,"Apr 03, 2019",62.46,62.64,62.99,62.05,799.67K,-0.19%,2.1364532768449918
596,195,"Apr 04, 2019",62.1,62.5,62.77,61.89,684.97K,-0.58%,2.8207880342040528
597,194,"Apr 05, 2019",63.08,62.18,63.34,61.82,686.86K,1.58%,1.4556318156501817
598,193,"Apr 08, 2019",64.4,63.33,64.48,63.13,895.77K,2.09%,0.8853266399211003
599,192,"Apr 09, 2019",63.98,64.4,64.79,63.68,790.68K,-0.65%,0.5772184516660273
600,191,"Apr 10, 2019",64.61,64.22,64.7,64.05,722.22K,0.98%,1.234267534857697
601,190,"Apr 11, 2019",63.58,64.48,64.49,63.31,760.50K,-1.59%,1.3362506063390682
602,189,"Apr 12, 2019",63.89,63.71,64.65,63.66,625.59K,0.49%,1.811732372691595
603,188,"Apr 15, 2019",63.4,63.76,63.84,63.03,555.86K,-0.77%,2.719698222733797
604,187,"Apr 16, 2019",64.05,63.57,64.37,62.99,547.47K,1.03%,2.0949099912842497
605,186,"Apr 17, 2019",63.76,64.32,64.61,63.66,235.38K,-0.45%,2.4530293529019205
606,185,"Apr 18, 2019",64.0,63.75,64.16,63.46,148.24K,0.38%,2.2062493676648214
607,184,"Apr 22, 2019",65.7,64.0,65.92,64.0,30.14K,2.66%,2.1861185951412887
608,183,"Apr 23, 2019",66.3,65.75,66.6,65.58,700.60K,0.91%,3.1842189054940144
609,182,"Apr 24, 2019",65.89,66.17,66.43,65.66,678.39K,-0.62%,3.568210609033063
610,181,"Apr 25, 2019",65.21,65.81,66.28,64.9,603.00K,-1.03%,3.335016646297968
611,180,"Apr 26, 2019",63.3,65.13,65.18,62.28,1.00M,-2.93%,1.422339976560751
612,179,"Apr 29, 2019",63.5,62.95,63.69,62.46,654.08K,0.32%,2.0132419038527845
613,178,"Apr 30, 2019",63.91,63.58,64.75,63.3,750.49K,0.65%,2.6872528855342637
614,177,"May 01, 2019",63.6,63.4,63.93,62.77,676.87K,-0.49%,2.5507584007449196
615,176,"May 02, 2019",61.81,63.61,63.68,60.95,914.66K,-2.81%,0.43639430513353894
616,175,"May 03, 2019",61.94,61.55,62.52,61.3,646.87K,0.21%,0.7132159133556651
617,174,"May 06, 2019",62.25,61.43,62.95,60.04,768.81K,0.50%,1.0647169899861897
618,173,"May 07, 2019",61.4,62.17,62.49,60.66,842.81K,-1.37%,0.7110917261942529
619,172,"May 08, 2019",62.12,61.44,62.37,61.07,791.77K,1.17%,0.911141354781413
620,171,"May 09, 2019",61.7,62.02,62.21,60.92,769.58K,-0.68%,1.0678135715698713
621,170,"May 10, 2019",61.66,61.64,62.49,61.42,786.49K,-0.06%,1.4080042598833082
622,169,"May 13, 2019",61.04,61.65,63.33,60.64,1.00M,-1.01%,2.4660802994193696
623,168,"May 14, 2019",61.78,60.86,62.11,60.69,751.67K,1.21%,1.4402708567884441
624,167,"May 15, 2019",62.02,61.37,62.34,60.85,723.00K,0.39%,2.7679839599101923
625,166,"May 16, 2019",62.87,62.12,63.48,62.08,545.68K,1.37%,4.022146592677583
626,165,"May 17, 2019",62.76,63.12,63.64,62.52,215.80K,-0.17%,4.604800529838416
627,164,"May 20, 2019",63.1,62.93,63.81,62.45,131.89K,0.54%,5.4906441385960925
628,163,"May 21, 2019",62.99,63.22,63.6,62.75,28.91K,-0.17%,5.835534401082574
629,162,"May 22, 2019",61.42,62.95,63.0,61.03,766.73K,-2.49%,4.093287846865702
630,161,"May 23, 2019",57.91,61.31,61.41,57.33,1.11M,-5.71%,1.7126736547572818
631,160,"May 24, 2019",58.63,58.21,59.1,57.5,758.10K,1.24%,3.593454875692716
632,159,"May 26, 2019",58.77,58.94,59.0,58.67,-,0.24%,5.116230967710241
633,158,"May 27, 2019",59.16,58.77,59.26,58.14,-,0.66%,6.5762950243271225
634,157,"May 28, 2019",59.14,58.94,59.57,58.13,1.02M,-0.03%,8.104254804277408
635,156,"May 29, 2019",58.81,59.07,59.14,56.88,1.12M,-0.56%,8.669667520907458
636,155,"May 30, 2019",56.59,59.12,59.7,56.33,842.28K,-3.77%,5.870071383128745
637,154,"May 31, 2019",53.5,56.46,56.61,53.05,1.03M,-5.46%,1.4988443281085504
638,153,"Jun 03, 2019",53.25,53.42,54.63,52.11,984.31K,-0.47%,1.3281845780978658
639,152,"Jun 04, 2019",53.48,52.89,53.78,52.43,831.63K,0.43%,2.2192419115541786
640,151,"Jun 05, 2019",51.68,52.86,53.41,50.6,943.19K,-3.37%,2.5165747115603554
641,150,"Jun 06, 2019",52.59,51.66,53.3,51.17,790.07K,1.76%,1.6192781260639073
642,149,"Jun 07, 2019",53.99,53.1,54.32,52.62,828.13K,2.66%,3.0136834042477703
643,148,"Jun 10, 2019",53.26,54.24,54.84,53.05,687.15K,-1.35%,2.03164649520946
644,147,"Jun 11, 2019",53.27,53.43,54.04,52.91,642.94K,0.02%,2.071912964009241
645,146,"Jun 12, 2019",51.14,53.04,53.05,50.72,786.11K,-4.00%,5.154648941614629
646,145,"Jun 13, 2019",52.28,51.07,53.45,50.92,945.02K,2.23%,5.143181534238972
647,144,"Jun 14, 2019",52.51,52.18,52.98,51.7,574.23K,0.44%,6.201490163352281
648,143,"Jun 17, 2019",51.93,52.5,52.74,51.58,397.87K,-1.10%,8.305261781392865
649,142,"Jun 18, 2019",53.9,51.95,54.31,51.5,181.64K,3.79%,6.331254507788503
650,141,"Jun 19, 2019",53.76,54.09,54.42,53.28,122.84K,-0.26%,7.677802520267712
651,140,"Jun 20, 2019",56.65,54.12,57.02,54.11,27.88K,5.38%,3.133460954386171
652,139,"Jun 21, 2019",57.43,57.26,57.98,56.66,676.05K,1.38%,2.281787709659077
653,138,"Jun 24, 2019",57.9,57.72,58.22,56.75,597.16K,0.82%,1.958332505434447
654,137,"Jun 25, 2019",57.83,57.74,58.84,57.2,673.14K,-0.12%,2.0351600559593757
655,136,"Jun 26, 2019",59.38,58.84,59.93,58.65,686.82K,2.68%,2.9534441811431735
656,135,"Jun 27, 2019",59.43,59.27,59.73,58.61,531.41K,0.08%,3.2504249977776674
657,134,"Jun 28, 2019",58.47,59.22,59.8,57.75,556.10K,-1.62%,2.139685008508098
658,133,"Jul 01, 2019",59.09,59.27,60.28,58.34,674.89K,1.06%,3.034162698451475
659,132,"Jul 02, 2019",56.25,59.14,59.43,56.09,878.94K,-4.81%,3.362041875585763
660,131,"Jul 03, 2019",57.34,56.49,57.48,56.04,600.13K,1.94%,2.826782677985787
661,130,"Jul 04, 2019",56.8,57.41,57.57,56.48,-,-0.94%,4.1379713950355
662,129,"Jul 05, 2019",57.51,57.38,57.82,56.29,698.02K,1.25%,3.444102483538648
663,128,"Jul 08, 2019",57.66,57.77,58.46,57.3,540.86K,0.26%,3.234233860593423
664,127,"Jul 09, 2019",57.83,57.56,59.1,57.29,551.87K,0.29%,3.082951546027952
665,126,"Jul 10, 2019",60.43,58.4,60.53,58.35,690.66K,4.50%,4.349490520519328
666,125,"Jul 11, 2019",60.2,60.44,60.94,60.14,573.02K,-0.38%,5.0083302439890955
667,124,"Jul 12, 2019",60.21,60.46,60.74,59.93,469.03K,0.02%,5.610304445558772
668,123,"Jul 15, 2019",59.58,60.25,60.92,59.2,566.82K,-1.05%,5.106207253485463
669,122,"Jul 16, 2019",57.62,59.26,60.06,57.07,712.54K,-3.29%,2.603940342554347
670,121,"Jul 17, 2019",56.78,57.52,58.36,56.21,504.43K,-1.46%,1.5200204624968308
671,120,"Jul 18, 2019",55.3,56.6,57.32,54.72,215.36K,-2.61%,1.4944631834643396
672,119,"Jul 19, 2019",55.63,55.72,56.36,54.99,105.22K,0.60%,1.3112738468746392
673,118,"Jul 22, 2019",56.22,56.22,56.84,55.72,24.30K,1.06%,1.3826911682089618
674,117,"Jul 23, 2019",56.77,56.17,57.47,55.74,521.88K,0.98%,1.7109433025001373
675,116,"Jul 24, 2019",55.88,57.23,57.64,55.33,745.25K,-1.57%,2.7744936443262573
676,115,"Jul 25, 2019",56.02,55.9,56.99,55.81,559.28K,0.25%,2.685585119254932
677,114,"Jul 26, 2019",56.2,55.93,56.57,55.68,476.79K,0.32%,2.7867615642781773
678,113,"Jul 29, 2019",56.87,56.2,57.1,55.81,529.74K,1.19%,3.6132493026817447
679,112,"Jul 30, 2019",58.05,57.07,58.47,56.96,547.40K,2.07%,6.578079074008972
680,111,"Jul 31, 2019",58.58,58.34,58.82,57.81,614.00K,0.91%,8.216743409042305
681,110,"Aug 01, 2019",53.95,57.85,57.99,53.59,886.75K,-7.90%,2.625485232699583
682,109,"Aug 02, 2019",55.66,54.54,56.05,54.15,739.81K,3.17%,4.161675916510092
683,108,"Aug 05, 2019",54.69,55.38,55.61,54.22,823.84K,-1.74%,3.4283119559001967
684,107,"Aug 06, 2019",53.63,54.95,55.42,53.29,682.79K,-1.94%,3.5017226033230062
685,106,"Aug 07, 2019",51.09,53.42,53.77,50.52,1.06M,-4.74%,7.140531124403828
686,105,"Aug 08, 2019",52.54,52.33,53.06,51.94,724.76K,2.84%,4.918042266142831
687,104,"Aug 09, 2019",54.5,52.88,54.92,52.37,726.39K,3.73%,2.251482638495489
688,103,"Aug 12, 2019",54.93,54.32,55.18,53.54,611.03K,0.79%,2.022615501356012
689,102,"Aug 13, 2019",57.1,54.73,57.47,54.21,783.49K,3.95%,2.8680016602991856
690,101,"Aug 14, 2019",55.23,56.74,56.85,53.97,718.29K,-3.27%,1.208137792397839
691,100,"Aug 15, 2019",54.47,54.9,55.33,53.77,527.87K,-1.38%,2.0831871609027317
692,99,"Aug 16, 2019",54.87,54.74,55.67,54.26,168.35K,0.73%,1.802317482104028
693,98,"Aug 19, 2019",56.21,54.96,56.41,54.84,113.57K,2.44%,2.465325038222371
694,97,"Aug 20, 2019",56.34,56.1,56.6,55.28,47.45K,0.23%,2.659556937797976
695,96,"Aug 21, 2019",55.68,56.05,57.13,55.55,704.04K,-1.17%,1.9419344389726707
696,95,"Aug 22, 2019",55.35,55.94,56.46,54.85,621.57K,-0.59%,1.752963070486538
697,94,"Aug 23, 2019",54.17,55.35,55.6,53.24,807.15K,-2.13%,2.3313209065545206
698,93,"Aug 26, 2019",53.64,53.25,55.26,52.96,679.02K,-0.98%,3.1658438975711585
699,92,"Aug 27, 2019",54.93,53.76,55.72,53.69,596.62K,2.40%,1.537016743258176
700,91,"Aug 28, 2019",55.78,55.71,56.75,55.34,674.05K,1.55%,1.8128895713628592
701,90,"Aug 29, 2019",56.71,55.88,56.89,55.43,630.76K,1.67%,2.8655972805506162
702,89,"Aug 30, 2019",55.1,56.63,56.72,54.55,708.27K,-2.84%,1.739583937609812
703,88,"Sep 01, 2019",54.8,55.0,55.0,54.56,-,-0.54%,2.877174881561325
704,87,"Sep 02, 2019",54.66,54.81,55.22,54.36,-,-0.26%,3.5871430121852286
705,86,"Sep 03, 2019",53.94,55.0,55.24,52.84,970.80K,-1.32%,4.861967205417275
706,85,"Sep 04, 2019",56.26,53.92,56.58,53.84,682.30K,4.30%,1.57925682653562
707,84,"Sep 05, 2019",56.3,55.95,57.76,55.75,712.47K,0.07%,1.8422139780194509
708,83,"Sep 06, 2019",56.52,56.19,56.95,54.83,714.29K,0.39%,4.665510059832466
709,82,"Sep 09, 2019",57.85,56.8,58.16,56.58,646.99K,2.35%,4.571260194947436
710,81,"Sep 10, 2019",57.4,58.03,58.76,57.2,755.47K,-0.78%,4.613027624536203
711,80,"Sep 11, 2019",55.75,57.89,58.3,55.61,858.77K,-2.87%,5.929376209478898
712,79,"Sep 12, 2019",55.09,55.93,56.34,54.0,845.98K,-1.18%,7.079597350260715
713,78,"Sep 13, 2019",54.85,55.15,55.68,54.44,599.47K,-0.44%,7.893294602061634
714,77,"Sep 16, 2019",62.9,61.48,63.38,58.77,1.40M,14.68%,6.880902491973229
715,76,"Sep 17, 2019",59.34,61.96,62.59,58.46,993.24K,-5.66%,2.653441338903267
716,75,"Sep 18, 2019",58.11,58.81,59.43,57.67,216.96K,-2.07%,1.654252866240894
717,74,"Sep 19, 2019",58.13,58.2,59.54,58.01,112.33K,0.03%,2.209139662062763
718,73,"Sep 20, 2019",58.09,58.65,59.1,57.79,37.98K,-0.07%,3.3957430430197504
719,72,"Sep 23, 2019",58.64,59.25,59.39,57.37,526.79K,0.95%,5.194777959450102
720,71,"Sep 24, 2019",57.29,58.44,58.49,56.69,591.53K,-2.30%,4.607727885778106
721,70,"Sep 25, 2019",56.49,56.7,57.02,55.55,563.55K,-1.40%,4.517181267682734
722,69,"Sep 26, 2019",56.41,56.69,56.84,55.41,599.65K,-0.14%,5.030330895310581
723,68,"Sep 27, 2019",55.91,56.51,56.76,54.75,712.97K,-0.89%,4.822551340116597
724,67,"Sep 30, 2019",54.07,56.54,56.57,53.98,532.52K,-3.29%,2.2407529608027725
725,66,"Oct 01, 2019",53.62,54.28,54.84,53.05,589.18K,-0.83%,1.695165210937673
726,65,"Oct 02, 2019",52.64,54.0,54.42,52.17,590.31K,-1.83%,0.6841166944182243
727,64,"Oct 03, 2019",52.45,52.47,52.91,50.99,642.47K,-0.36%,1.8434461302231198
728,63,"Oct 04, 2019",52.81,52.29,53.35,52.04,541.10K,0.69%,1.570074223800132
729,62,"Oct 07, 2019",52.75,52.69,54.06,52.59,549.02K,-0.11%,1.632613226292137
730,61,"Oct 08, 2019",52.63,52.81,53.27,51.81,658.32K,-0.23%,1.8477365270284356
731,60,"Oct 09, 2019",52.59,52.57,53.74,52.31,632.67K,-0.08%,2.1332932125150887
732,59,"Oct 10, 2019",53.55,52.69,53.97,51.38,613.94K,1.83%,1.0240658186107738
733,58,"Oct 11, 2019",54.7,53.88,54.93,53.64,741.70K,2.15%,2.181912685806665
734,57,"Oct 14, 2019",53.59,54.9,54.9,52.77,467.64K,-2.03%,0.7778351706051977
735,56,"Oct 15, 2019",52.81,53.51,53.79,52.39,511.25K,-1.46%,2.7305764741436045
736,55,"Oct 16, 2019",53.36,52.92,53.74,52.51,451.64K,1.04%,2.850336505319859
737,54,"Oct 17, 2019",53.93,52.99,54.16,52.62,418.42K,1.07%,2.9204461313476378
738,53,"Oct 18, 2019",53.78,54.09,54.62,53.35,174.48K,-0.28%,3.4126733042786097
739,52,"Oct 21, 2019",53.31,53.71,54.03,52.71,95.98K,-0.87%,4.414582505343898
740,51,"Oct 22, 2019",54.16,53.39,54.62,53.1,33.92K,1.59%,3.061709636830286
741,50,"Oct 23, 2019",55.97,54.3,56.07,53.62,620.20K,3.34%,1.4774070531118886
742,49,"Oct 24, 2019",56.23,55.9,56.51,55.41,480.76K,0.46%,1.701773466942089
743,48,"Oct 25, 2019",56.66,56.07,56.74,55.6,445.02K,0.76%,2.2036999242714423
744,47,"Oct 28, 2019",55.81,56.65,56.92,55.58,437.02K,-1.50%,1.658007376032179
745,46,"Oct 29, 2019",55.54,55.8,55.91,54.61,521.46K,-0.48%,1.8040758852364203
746,45,"Oct 30, 2019",55.06,55.53,55.73,54.42,659.33K,-0.86%,2.6591326867899623
747,44,"Oct 31, 2019",54.18,54.9,55.59,53.71,677.42K,-1.60%,4.512720498520486
748,43,"Nov 01, 2019",56.2,54.15,56.33,54.07,538.12K,3.73%,1.279354657825895
749,42,"Nov 04, 2019",56.54,56.41,57.43,55.83,580.35K,0.60%,0.8307321370448646
750,41,"Nov 05, 2019",57.23,56.56,57.5,56.3,435.32K,1.22%,0.6973097121369392
751,40,"Nov 06, 2019",56.35,57.26,57.85,56.11,623.26K,-1.54%,1.0947732315140497
752,39,"Nov 07, 2019",57.15,56.35,57.88,56.27,678.17K,1.42%,0.5473288345281649
753,38,"Nov 08, 2019",57.24,57.08,57.48,55.76,636.94K,0.16%,0.6051169108207924
754,37,"Nov 11, 2019",56.86,57.4,57.4,56.25,498.98K,-0.66%,1.2572856126033056
755,36,"Nov 12, 2019",56.8,56.89,57.55,56.54,586.57K,-0.11%,1.268932348410718
756,35,"Nov 13, 2019",57.12,56.79,57.53,56.2,547.64K,0.56%,1.656530964640949
757,34,"Nov 14, 2019",56.77,57.39,57.79,56.63,516.83K,-0.61%,1.8601669451445098
758,33,"Nov 15, 2019",57.72,56.91,57.97,56.43,375.99K,1.67%,1.846011751016325
759,32,"Nov 18, 2019",57.05,57.88,58.09,56.55,159.33K,-1.16%,1.9897173076762062
760,31,"Nov 19, 2019",55.21,56.9,57.11,55.04,121.21K,-3.23%,4.743526676601076
761,30,"Nov 20, 2019",57.11,55.16,57.25,54.76,31.92K,3.44%,1.7556782871769827
762,29,"Nov 21, 2019",58.58,57.0,58.67,56.6,593.53K,2.57%,2.336064006143169
763,28,"Nov 22, 2019",57.77,58.31,58.74,57.5,508.24K,-1.38%,2.141631273811887
764,27,"Nov 25, 2019",58.01,57.92,58.15,57.21,420.64K,0.42%,2.613611193376677
765,26,"Nov 26, 2019",58.41,57.92,58.56,57.76,443.82K,0.69%,3.037562540783433
766,25,"Nov 27, 2019",58.11,58.27,58.68,57.51,454.26K,-0.51%,2.7218659885177288
767,24,"Nov 28, 2019",58.08,57.97,58.29,57.64,-,-0.05%,2.790129089781895
768,23,"Nov 29, 2019",55.17,58.13,58.3,55.02,718.72K,-5.01%,5.025390411418807
769,22,"Dec 02, 2019",55.96,55.47,56.67,55.42,616.42K,1.43%,4.420822459776267
770,21,"Dec 03, 2019",56.1,55.96,56.8,55.35,560.55K,0.25%,4.565974742198563
771,20,"Dec 04, 2019",58.43,56.43,58.66,56.28,760.54K,4.15%,0.9742815659369642
772,19,"Dec 05, 2019",58.43,58.36,59.12,58.1,649.46K,0.00%,1.440365579918421
773,18,"Dec 06, 2019",59.2,58.32,59.85,57.7,679.61K,1.32%,0.9040375335390526
774,17,"Dec 09, 2019",59.02,59.11,59.25,58.23,511.56K,-0.30%,1.6133267640217066
775,16,"Dec 10, 2019",59.24,58.92,59.52,58.52,566.82K,0.37%,1.7600516190967712
776,15,"Dec 11, 2019",58.76,59.06,59.22,58.11,589.65K,-0.81%,2.8410210608343323
777,14,"Dec 12, 2019",59.18,58.88,59.72,58.75,530.85K,0.71%,2.3693080472652297
778,13,"Dec 13, 2019",60.07,59.36,60.48,59.27,512.29K,1.50%,1.1216834045562174
779,12,"Dec 16, 2019",60.21,59.87,60.34,59.71,347.40K,0.23%,1.0927789770846545
780,11,"Dec 17, 2019",60.94,60.23,61.06,60.03,163.74K,1.21%,0.47893980691714794
781,10,"Dec 18, 2019",60.93,60.55,61.18,60.32,131.07K,-0.02%,0.6666120953746524
782,9,"Dec 19, 2019",61.22,60.86,61.47,60.79,35.46K,0.48%,0.7743227442898294
783,8,"Dec 20, 2019",60.44,61.11,61.2,60.02,552.52K,-1.27%,1.4971209371989058
784,7,"Dec 23, 2019",60.52,60.41,60.77,60.1,314.71K,0.13%,1.4268522097499645
785,6,"Dec 24, 2019",61.11,60.63,61.16,60.47,204.54K,0.97%,0.0
786,5,"Dec 25, 2019",61.19,61.45,61.52,61.17,-,0.13%,0.0
787,4,"Dec 26, 2019",61.68,61.2,61.83,61.06,265.09K,0.80%,0.0
788,3,"Dec 27, 2019",61.72,61.73,61.97,61.24,351.90K,0.06%,0.0
789,2,"Dec 30, 2019",61.68,61.71,62.34,61.09,427.15K,-0.06%,0.0
790,1,"Dec 31, 2019",61.06,61.68,61.88,60.63,494.54K,-1.01%,0.0
